loss,val_loss
0.9683706760406494,1.1044384241104126
0.9475099444389343,1.1116483211517334
0.9098498821258545,1.108469843864441
0.8439331650733948,1.0967975854873657
0.7361066341400146,1.0849063396453857
0.5950919985771179,1.047338604927063
0.4810832142829895,0.9911600351333618
0.3974013924598694,0.88394695520401
0.3379117548465729,0.7585614323616028
0.294848769903183,0.6269568800926208
0.26268312335014343,0.5064475536346436
0.23554959893226624,0.4086189866065979
0.21126791834831238,0.34310463070869446
0.19046910107135773,0.2908776104450226
0.172572523355484,0.2545153498649597
0.15716269612312317,0.23024645447731018
0.14268869161605835,0.21524374186992645
0.130331888794899,0.20323972404003143
0.12075122445821762,0.19597716629505157
0.11294159293174744,0.19008462131023407
0.10637178272008896,0.18762251734733582
0.10144900530576706,0.1845034658908844
0.09766276180744171,0.18433637917041779
0.09489970654249191,0.18340347707271576
0.09289202094078064,0.18336918950080872
0.0910162702202797,0.1831369251012802
0.0892593115568161,0.18424776196479797
0.08743046969175339,0.18393923342227936
0.08597785979509354,0.18610964715480804
0.08406689018011093,0.18480482697486877
0.08224976062774658,0.18570476770401
0.0803922712802887,0.1848110407590866
0.07874398678541183,0.18508677184581757
0.07652934640645981,0.18501955270767212
0.07476510852575302,0.18614591658115387
0.0724925771355629,0.18558259308338165
