Reconstruction_Error,Anomaly
0.00920886,False
0.008415299,False
0.008791958,False
0.012727511,False
0.07191788,False
0.0068140374,False
0.010080619,False
0.027735198,False
0.030554544,False
0.010015088,False
0.06629838,False
0.02879684,False
0.08411022,False
0.026291853,False
0.009384085,False
0.043406226,False
0.9721271,True
0.020089103,False
0.052990805,False
0.030970778,False
0.027385037,False
0.0045149443,False
0.01158936,False
0.024607543,False
0.008997403,False
0.009274239,False
0.0474497,False
0.025318298,False
0.0015628716,False
0.009100271,False
0.0019761748,False
0.0026452024,False
0.11345588,False
0.0024535789,False
0.029138869,False
0.00962848,False
0.080633834,False
0.046901755,False
0.009359788,False
0.07877196,False
0.04818883,False
0.048010994,False
0.04598688,False
0.026334029,False
0.048175294,False
0.0087430775,False
0.009060332,False
0.003125126,False
0.08021618,False
0.02453059,False
0.0463709,False
0.049843915,False
0.008775266,False
0.026761223,False
0.008436283,False
0.026420092,False
0.011399947,False
0.003694702,False
0.028115863,False
0.02563012,False
0.008236177,False
0.024079537,False
0.02437609,False
0.009662974,False
0.0014561195,False
0.07936849,False
0.049024448,False
0.009695702,False
0.025282985,False
0.0097940685,False
0.0025948584,False
0.079228505,False
0.02834228,False
0.005705579,False
0.003747562,False
0.0033812984,False
0.008243633,False
0.0041308505,False
0.010963855,False
0.04951593,False
0.005896908,False
0.012145722,False
0.11559105,False
0.0122297695,False
0.008186236,False
0.04753214,False
0.03355532,False
0.032966413,False
0.008612795,False
0.114987805,False
0.09229153,False
0.012586793,False
0.049176164,False
0.09286238,False
0.09454245,False
0.049096283,False
0.009228749,False
0.1789424,False
0.09450351,False
0.01693537,False
0.2315326,False
0.043646894,False
0.013410384,False
0.0108483145,False
0.17763348,False
0.34273514,True
0.036943186,False
0.07767589,False
0.046510965,False
0.12761298,False
0.04615266,False
0.28824297,True
0.07940084,False
0.24104603,False
0.5471396,True
0.14797324,False
0.37583238,True
0.11540701,False
0.1463876,False
0.28244573,True
0.07544432,False
0.045456294,False
0.048521973,False
0.047377903,False
0.14001013,False
0.07521239,False
0.24985631,False
0.014255439,False
0.0490041,False
0.07479964,False
0.074756816,False
0.04632113,False
0.12932453,False
0.039071165,False
0.063973956,False
0.03520674,False
0.2573394,True
0.033990182,False
0.12897083,False
0.08899362,False
0.22857931,False
0.13048717,False
0.06469099,False
0.024982147,False
0.12934972,False
0.24269184,False
0.13375728,False
0.017138563,False
0.105141185,False
0.0021754378,False
0.18250959,False
0.11118384,False
0.01589894,False
0.0523315,False
0.010432595,False
0.016422782,False
0.19819051,False
0.09432195,False
0.01844976,False
0.012447553,False
0.12282883,False
0.0017413835,False
0.021394413,False
0.2239779,False
0.10295925,False
0.02411182,False
0.11547466,False
0.13308363,False
0.06517482,False
0.050771464,False
0.030562302,False
0.052554607,False
0.067500934,False
0.1723615,False
0.052596927,False
0.029494863,False
0.013260806,False
0.017471824,False
0.06534702,False
0.094518445,False
0.015914056,False
0.061211903,False
0.032270588,False
0.029182443,False
0.06933869,False
0.23847349,False
0.46433574,True
0.07141968,False
0.06503905,False
0.1259438,False
0.034498774,False
0.1289331,False
0.116491094,False
0.21610832,False
0.04533057,False
0.21983223,False
0.05980281,False
0.047818445,False
0.07622296,False
0.13360676,False
0.20060024,False
0.22187248,False
0.09986682,False
0.08284924,False
0.20468016,False
0.24750356,False
0.2083749,False
0.100072786,False
0.20255785,False
0.22130251,False
0.10167185,False
0.14591578,False
0.14559668,False
0.24390335,False
0.24662772,False
0.10031237,False
0.19442162,False
0.080303594,False
0.098653145,False
0.14512166,False
0.09286647,False
0.20379403,False
0.2453393,False
0.13436446,False
0.10018458,False
0.20306528,False
0.20171611,False
0.100604355,False
0.14569835,False
0.20387416,False
0.2204916,False
0.0996936,False
0.20442823,False
0.14679731,False
0.24570017,False
0.14669995,False
0.24664812,False
0.10060538,False
0.21313834,False
0.2077908,False
0.24987379,True
0.22277613,False
0.20568624,False
0.10162202,False
0.19668424,False
0.14744096,False
0.20506549,False
0.14599855,False
0.10081552,False
0.100305125,False
0.20043501,False
0.102201425,False
0.23996893,False
0.932872,True
0.1048878,False
0.24233977,False
0.41472635,True
0.14624116,False
0.08329343,False
0.20343022,False
0.24567518,False
0.1469802,False
0.083762996,False
0.31364885,True
0.10113627,False
0.4160517,True
0.2474769,False
0.32400852,True
0.20158124,False
0.24405536,False
0.10077038,False
0.10016908,False
0.09421523,False
0.08312105,False
0.09938579,False
0.19040993,False
0.10070951,False
0.100127004,False
0.14579307,False
0.20266148,False
0.14586684,False
0.0828964,False
0.14586428,False
0.099737436,False
0.2042279,False
0.31534138,True
0.2213682,False
0.24951807,False
0.101435825,False
0.198759,False
0.10181682,False
0.09960069,False
0.20532846,False
0.20836261,False
0.14617716,False
0.14701068,False
0.1468291,False
0.085476875,False
0.10015291,False
0.09404185,False
