Timestamp,LDR,DHT22_Temperature,DHT22_Humidity,DS18B20_Temperature,Solar_Voltage,Solar_Current,Solar_Power,Battery_Voltage,Battery_Current,Battery_Power,System_Health,Reconstruction_Error,Anomaly_Status
2026-09-23T13:32:07+05:30,767.0,39.5,46.6,28.06,8.808,10.3,92.0,0.0,-0.2,0.0,Healthy,0.972127090012622,Anomaly
2026-09-23T15:34:40+05:30,753.0,32.6,62.1,30.854916773367485,0.0,-0.1,0.0,7.388,-0.7,6.0,Critical,0.9328720030961033,Anomaly
2026-09-23T15:25:16+05:30,1072.0,33.9,56.9,31.87727272727273,1.044,4.3,4.0,0.316,0.0,0.0,Warning,0.5471395790233766,Anomaly
2026-09-23T15:27:45+05:30,991.0,33.6,57.7,31.64134443021768,1.0,5.0,6.0,0.48,0.0,0.0,Warning,0.4643356916663632,Anomaly
2026-09-23T15:35:07+05:30,752.0,32.6,63.4,30.854916773367485,0.0,-0.2,0.0,7.408,0.1,0.0,Critical,0.41605165775142916,Anomaly
2026-09-23T15:34:46+05:30,752.0,32.6,62.3,30.854916773367485,0.0,-0.1,0.0,7.368,0.1,0.0,Critical,0.4147263310326837,Anomaly
2026-09-23T15:25:20+05:30,1078.0,33.9,56.8,31.87727272727273,1.02,3.5,4.0,0.208,-1.1,0.0,Warning,0.37583243423491836,Anomaly
2026-09-23T15:24:58+05:30,1037.0,33.8,57.1,31.79862996158771,1.028,4.1,4.0,0.396,-0.1,0.0,Warning,0.3427351675654301,Anomaly
2026-09-23T15:35:11+05:30,755.0,32.6,63.1,30.854916773367485,0.0,-0.2,0.0,7.396,-0.6,4.0,Critical,0.32400857436557323,Anomaly
2026-09-23T15:35:48+05:30,753.0,32.6,63.0,30.854916773367485,0.0,0.0,0.0,7.472,0.0,0.0,Critical,0.3153413704499236,Anomaly
2026-09-23T15:35:01+05:30,758.0,32.6,62.9,30.854916773367485,0.0,-0.1,0.0,7.38,0.0,0.0,Critical,0.3136489126151002,Anomaly
2026-09-23T15:25:10+05:30,1076.0,33.9,57.1,31.87727272727273,1.08,4.1,4.0,0.188,-0.2,0.0,Warning,0.2882429641058071,Anomaly
2026-09-23T15:25:26+05:30,1077.0,33.9,56.6,31.87727272727273,0.98,3.4,4.0,0.652,-0.2,0.0,Warning,0.28244572450694966,Anomaly
2026-09-23T15:26:02+05:30,1080.0,33.9,57.0,31.87727272727273,0.968,2.3,4.0,0.472,-1.0,0.0,Warning,0.25733938132193,Anomaly
2026-09-23T15:34:13+05:30,754.0,32.6,63.8,30.854916773367485,0.0,-0.3,0.0,7.424,-0.1,0.0,Critical,0.24987378258168672,Anomaly
2026-09-23T15:25:41+05:30,1079.0,33.9,56.6,31.87727272727273,1.048,2.7,4.0,0.228,-1.0,0.0,Warning,0.24985630738789025,Normal
2026-09-23T15:35:53+05:30,750.0,32.6,63.4,30.854916773367485,0.0,-0.4,0.0,7.464,-0.1,0.0,Critical,0.24951806549606106,Normal
2026-09-23T15:32:57+05:30,752.0,32.4,61.8,30.69763124199745,0.0,-0.4,0.0,7.624,-0.1,0.0,Critical,0.24750357346146803,Normal
2026-09-23T15:35:09+05:30,749.0,32.6,63.3,30.854916773367485,0.0,0.0,0.0,7.412,-0.1,0.0,Critical,0.2474769639943733,Normal
2026-09-23T15:34:05+05:30,752.0,32.6,63.2,30.854916773367485,0.0,-0.2,0.0,7.448,-0.1,0.0,Critical,0.24664807005758282,Normal
