Date,Time,Health,Battery_SOC,Battery_SOH,Battery_RUL,Unknown_Fault,Overall_Status
22 Jul 2026,04:04:43 PM,Healthy,63,93,3182,False,HEALTHY
22 Jul 2026,04:05:26 PM,Healthy,63,93,3182,False,HEALTHY
22 Jul 2026,04:05:58 PM,Healthy,63,93,3182,False,HEALTHY
22 Jul 2026,04:06:58 PM,Healthy,63,93,3182,False,HEALTHY
22 Jul 2026,04:07:58 PM,Healthy,63,93,3182,False,HEALTHY
22 Jul 2026,04:08:40 PM,Healthy,63,93,3182,False,HEALTHY
22 Jul 2026,04:09:25 PM,Healthy,63,93,3182,False,HEALTHY
22 Jul 2026,04:10:24 PM,Healthy,63,93,3182,False,HEALTHY
22 Jul 2026,04:11:05 PM,Healthy,63,93,3182,False,HEALTHY
22 Jul 2026,04:11:37 PM,Healthy,63,93,3182,False,HEALTHY
22 Jul 2026,04:12:36 PM,Healthy,63,93,3182,False,HEALTHY
22 Jul 2026,04:13:37 PM,Healthy,63,93,3182,False,HEALTHY
22 Jul 2026,04:14:37 PM,Healthy,63,93,3182,False,HEALTHY
22 Jul 2026,04:16:39 PM,Healthy,63,93,3182,False,HEALTHY
22 Jul 2026,04:17:39 PM,Healthy,63,93,3182,False,HEALTHY
22 Jul 2026,04:18:40 PM,Healthy,63,93,3182,False,HEALTHY
22 Jul 2026,04:19:41 PM,Healthy,63,93,3182,False,HEALTHY
22 Jul 2026,04:20:43 PM,Healthy,63,93,3182,False,HEALTHY
22 Jul 2026,04:21:43 PM,Healthy,63,93,3182,False,HEALTHY
22 Jul 2026,04:22:45 PM,Healthy,63,93,3182,False,HEALTHY
22 Jul 2026,04:23:46 PM,Healthy,63,93,3182,False,HEALTHY
22 Jul 2026,04:24:47 PM,Healthy,63,93,3182,False,HEALTHY
22 Jul 2026,04:25:48 PM,Healthy,63,93,3182,False,HEALTHY
22 Jul 2026,04:26:49 PM,Healthy,63,93,3182,False,HEALTHY
22 Jul 2026,04:27:50 PM,Healthy,63,93,3182,False,HEALTHY
22 Jul 2026,04:28:51 PM,Healthy,63,93,3182,False,HEALTHY
22 Jul 2026,04:29:37 PM,Healthy,63,93,3182,False,HEALTHY
22 Jul 2026,04:30:09 PM,Healthy,63,93,3182,False,HEALTHY
22 Jul 2026,04:31:08 PM,Healthy,63,93,3182,False,HEALTHY
22 Jul 2026,04:33:42 PM,Healthy,63,93,3182,False,HEALTHY
22 Jul 2026,04:34:14 PM,Healthy,63,93,3182,False,HEALTHY
26 Jul 2026,11:17:07 PM,Healthy,62,93,3225,False,HEALTHY
26 Jul 2026,11:17:38 PM,Healthy,62,93,3225,False,HEALTHY
27 Jul 2026,01:12:54 PM,Healthy,62,93,3225,False,HEALTHY
27 Jul 2026,01:13:27 PM,Healthy,62,93,3225,False,HEALTHY
27 Jul 2026,01:14:27 PM,Healthy,62,93,3225,False,HEALTHY
27 Jul 2026,01:15:27 PM,Healthy,62,93,3225,False,HEALTHY
27 Jul 2026,01:16:27 PM,Healthy,62,93,3225,False,HEALTHY
27 Jul 2026,01:17:03 PM,Healthy,62,93,3225,False,HEALTHY
27 Jul 2026,01:18:03 PM,Healthy,62,93,3225,False,HEALTHY
27 Jul 2026,01:19:03 PM,Healthy,62,93,3225,False,HEALTHY
27 Jul 2026,01:20:03 PM,Healthy,62,93,3225,False,HEALTHY
27 Jul 2026,01:32:32 PM,Healthy,62,93,3225,False,HEALTHY
27 Jul 2026,02:05:36 PM,Healthy,62,93,3225,False,HEALTHY
27 Jul 2026,02:06:07 PM,Healthy,62,93,3225,False,HEALTHY
27 Jul 2026,02:07:07 PM,Healthy,62,93,3225,False,HEALTHY
27 Jul 2026,02:08:07 PM,Healthy,62,93,3225,False,HEALTHY
27 Jul 2026,02:09:07 PM,Healthy,62,93,3225,False,HEALTHY
27 Jul 2026,02:10:07 PM,Healthy,62,93,3225,False,HEALTHY
27 Jul 2026,02:11:07 PM,Healthy,62,93,3225,False,HEALTHY
27 Jul 2026,02:12:07 PM,Healthy,62,93,3225,False,HEALTHY
