Feature,Importance
Battery_Voltage,0.3104196788376525
Battery_SOC,0.2799110503940934
Battery_Stress_Index,0.16494895330847914
Battery_Temperature,0.06634206709624894
Battery_RUL,0.04808965250815261
Battery_SOH,0.046834404735499054
Efficiency_Loss,0.0216033658490775
MPPT_Efficiency,0.018219325441584146
Power_Balance,0.005983833233280582
Battery_Current,0.005631320005797465
Load_Current,0.00536028987534503
Load_Power,0.005264522162332878
Ambient_Temperature,0.0033868206755944064
Panel_Temperature,0.003255501327970876
Humidity,0.002915332560548802
Hour,0.0028666186158265794
Day,0.0018968065882940571
Panel_Power,0.0016610503228114343
Solar_Irradiance,0.001600390335660212
Panel_Current,0.0015125265843809101
MPPT_Input_Voltage,0.0011321038068768867
Panel_Voltage,0.0010194136422926145
Charging_Status,0.0001449720922000677
MPPT_Output_Voltage,0.0
