LDR,DHT22_Temperature,DHT22_Humidity,DS18B20_Temperature,Solar_Voltage,Solar_Current,Solar_Power,Battery_Voltage,Battery_Current,Battery_Power
-0.7092246178335712,0.8640670131984169,-0.6907436726049369,-0.7711569108455367,-0.705324874627265,-0.7180160318711145,-0.7071067811865475,0.7689983754140792,0.23190841426097944,1.233291694353507
1.4444509282355378,-0.06503730206861003,1.4024189716524733,1.4138362252865575,1.267611837616833,1.478995851687373,1.4142135623730951,-1.393473384383989,-1.5074046926963658,-0.8108381857904273
-0.8405462974719314,-0.994141617335703,-0.7779587827823367,-0.7711569108455367,-0.705324874627265,-0.6691935455698149,-0.7071067811865475,0.6493489227145922,0.6667366910003157,1.233291694353507
1.496979600090882,-0.06503730206861003,1.4024189716524733,1.4138362252865575,1.2840529768855338,1.3813508790847733,1.4142135623730951,-1.3199273905228366,-0.6377481392176934,-0.8108381857904273
1.3131292485971775,-0.06503730206861003,1.4024189716524733,1.4138362252865575,1.4320232303038414,1.4301733653860733,1.4142135623730951,-1.4011572941903783,0.23190841426097944,-0.8108381857904273
-0.7354889537612431,-0.994141617335703,-0.6907436726049369,-0.7711569108455367,-0.705324874627265,-0.7668385181724143,-0.7071067811865475,0.6636190409264576,0.6667366910003157,1.233291694353507
-0.6304316100505549,0.8640670131984169,-0.6035285624275494,-0.7711569108455367,-0.705324874627265,-0.7180160318711145,-0.7071067811865475,0.7689983754140792,0.6667366910003157,1.233291694353507
-0.7617532896889152,-0.994141617335703,-0.6907436726049369,-0.5089577345096911,-0.705324874627265,-0.6691935455698149,-0.7071067811865475,0.6702052493319339,0.6667366910003157,-0.8108381857904273
1.496979600090882,-0.06503730206861003,1.4024189716524733,1.4138362252865575,1.4566849392068926,1.332528392783474,1.4142135623730951,-1.4154274124022435,0.6667366910003157,-0.8108381857904273
-0.8405462974719314,-0.994141617335703,-0.6907436726049369,-0.5089577345096911,-0.705324874627265,-0.7180160318711145,-0.7071067811865475,0.6273948946963377,0.23190841426097944,-0.8108381857904273
-0.6041672741228828,-0.994141617335703,-0.7779587827823367,-0.7711569108455367,-0.705324874627265,-0.6691935455698149,-0.7071067811865475,0.6680098465301085,0.23190841426097944,-0.8108381857904273
-0.5516386022675388,0.8640670131984169,-0.6035285624275494,-0.5089577345096911,-0.705324874627265,-0.7180160318711145,-0.7071067811865475,0.7668029726122536,1.101564967739652,-0.8108381857904273
1.3656579204525217,-0.994141617335703,1.4024189716524733,1.1516370489507117,1.3004941161542347,1.4301733653860733,1.4142135623730951,-1.3287090017301384,-0.6377481392176934,-0.8108381857904273
-1.2082470004593402,-0.994141617335703,-0.7779587827823367,-0.7711569108455367,-0.705324874627265,-0.7180160318711145,-0.7071067811865475,0.6438604157100285,0.6667366910003157,1.233291694353507
-0.8930749693272756,1.79317132846551,-0.6907436726049369,-0.7711569108455367,-0.705324874627265,-0.6203710592685151,-0.7071067811865475,0.750337451598563,0.23190841426097944,1.233291694353507
1.3656579204525217,-0.994141617335703,1.4024189716524733,1.4138362252865575,1.563552344453448,1.2348834201808743,1.4142135623730951,-1.5010481216734362,-1.9422329694357026,-0.8108381857904273
-0.656695945978227,0.8640670131984169,-0.6907436726049369,-0.7711569108455367,-0.705324874627265,-0.6203710592685151,-0.7071067811865475,0.7689983754140792,0.23190841426097944,1.233291694353507
-0.7092246178335712,0.8640670131984169,-0.6907436726049369,-0.5089577345096911,-0.705324874627265,-0.6691935455698149,-0.7071067811865475,0.7679006740131666,1.5363932444789885,-0.8108381857904273
1.6808299515845864,-0.06503730206861003,1.4024189716524733,1.4138362252865575,1.522449496281696,1.3813508790847733,1.4142135623730951,-1.4472607530287127,0.6667366910003157,-0.8108381857904273
-0.7354889537612431,-0.994141617335703,-0.6907436726049369,-0.5089577345096911,-0.705324874627265,-0.6203710592685151,-0.7071067811865475,0.6306879988990758,0.23190841426097944,1.233291694353507
1.3131292485971775,-0.06503730206861003,1.4024189716524733,1.4138362252865575,1.506008357012995,1.283705906482174,1.4142135623730951,-1.5010481216734362,-1.5074046926963658,-0.8108381857904273
-0.7092246178335712,-0.994141617335703,-0.6907436726049369,-0.5089577345096911,-0.705324874627265,-0.6691935455698149,-0.7071067811865475,0.6262971932954249,1.5363932444789885,-0.8108381857904273
1.3393935845248495,-0.994141617335703,1.4024189716524733,1.4138362252865575,1.6210963318939005,1.3813508790847733,1.4142135623730951,-1.4977550174706982,-1.5074046926963658,-0.8108381857904273
-0.6041672741228828,-0.994141617335703,-0.7779587827823367,-0.5089577345096911,-0.705324874627265,-0.6203710592685151,-0.7071067811865475,0.6592282353228067,1.101564967739652,-0.8108381857904273
-0.5516386022675388,0.8640670131984169,-0.6035285624275494,-0.7711569108455367,-0.705324874627265,-0.7668385181724143,-0.7071067811865475,0.7679006740131666,1.101564967739652,-0.8108381857904273
-0.7092246178335712,1.79317132846551,-0.6907436726049369,-0.7711569108455367,-0.705324874627265,-0.6691935455698149,-0.7071067811865475,0.765705271211341,1.101564967739652,1.233291694353507
-0.7617532896889152,-0.994141617335703,-0.7779587827823367,-0.7711569108455367,-0.705324874627265,-0.7668385181724143,-0.7071067811865475,0.6669121451291958,-1.0725764159570297,-0.8108381857904273
1.4444509282355378,-0.994141617335703,1.4024189716524733,1.1516370489507117,1.522449496281696,1.3813508790847733,1.4142135623730951,-1.5010481216734362,-1.5074046926963658,-0.8108381857904273
-0.656695945978227,1.79317132846551,-0.6907436726049369,-0.7711569108455367,-0.705324874627265,-0.7180160318711145,-0.7071067811865475,0.721797215174832,0.23190841426097944,1.233291694353507
1.3656579204525217,-0.06503730206861003,1.4024189716524733,1.4138362252865575,1.5142289266473454,1.3813508790847733,1.4142135623730951,-1.4395768432223235,-0.20291986247835705,-0.8108381857904273
-0.6041672741228828,0.8640670131984169,-0.6907436726049369,-0.5089577345096911,-0.705324874627265,-0.7668385181724143,-0.7071067811865475,0.7679006740131666,0.23190841426097944,1.233291694353507
-0.656695945978227,0.8640670131984169,-0.6035285624275494,-0.7711569108455367,-0.705324874627265,-0.7180160318711145,-0.7071067811865475,0.7580213614049518,1.101564967739652,1.233291694353507
-0.5253742663398667,-0.994141617335703,-0.7779587827823367,-0.7711569108455367,-0.705324874627265,-0.7668385181724143,-0.7071067811865475,0.6647167423273704,1.101564967739652,-0.8108381857904273
-0.7617532896889152,-0.994141617335703,-0.6907436726049369,-0.7711569108455367,-0.705324874627265,-0.8156610044737139,-0.7071067811865475,0.6284925960972504,0.23190841426097944,1.233291694353507
-0.7092246178335712,1.79317132846551,-0.6907436726049369,-0.7711569108455367,-0.705324874627265,-0.7180160318711145,-0.7071067811865475,0.7206995137739193,1.101564967739652,-0.8108381857904273
1.3131292485971775,-0.06503730206861003,1.4024189716524733,1.1516370489507117,1.3580381035946876,1.478995851687373,1.4142135623730951,-1.3550538353520438,-0.20291986247835705,-0.8108381857904273
-0.6304316100505549,0.8640670131984169,-0.6907436726049369,-0.7711569108455367,-0.705324874627265,-0.7668385181724143,-0.7071067811865475,0.7700960768149919,1.101564967739652,-0.8108381857904273
1.3919222563801936,-0.994141617335703,1.4024189716524733,1.4138362252865575,1.267611837616833,1.527818337988673,1.4142135623730951,-1.3089503765137092,-1.5074046926963658,-0.8108381857904273
-0.656695945978227,1.79317132846551,-0.6907436726049369,-0.7711569108455367,-0.705324874627265,-0.7180160318711145,-0.7071067811865475,0.7668029726122536,-0.20291986247835705,1.233291694353507
-0.7354889537612431,1.79317132846551,-0.6907436726049369,-0.7711569108455367,-0.705324874627265,-0.6203710592685151,-0.7071067811865475,0.7668029726122536,1.971221521218325,-0.8108381857904273
-0.7354889537612431,-0.994141617335703,-0.6907436726049369,-0.5089577345096911,-0.705324874627265,-0.7180160318711145,-0.7071067811865475,0.6262971932954249,0.23190841426097944,1.233291694353507
-0.7617532896889152,-0.994141617335703,-0.7779587827823367,-0.5089577345096911,-0.705324874627265,-0.6691935455698149,-0.7071067811865475,0.6625213395255449,0.6667366910003157,-0.8108381857904273
1.4444509282355378,-0.994141617335703,1.4024189716524733,1.4138362252865575,1.2100678501763802,1.3813508790847733,1.4142135623730951,-1.297973362504582,-1.5074046926963658,-0.8108381857904273
-0.656695945978227,-0.994141617335703,-0.7779587827823367,-0.7711569108455367,-0.705324874627265,-0.7668385181724143,-0.7071067811865475,0.6548374297191558,0.6667366910003157,-0.8108381857904273
1.3131292485971775,-0.06503730206861003,1.4024189716524733,1.4138362252865575,1.2758324072511835,1.478995851687373,1.4142135623730951,-1.4022549955912909,-2.3770612461750384,-0.8108381857904273
1.3919222563801936,-0.06503730206861003,1.4024189716524733,1.4138362252865575,1.506008357012995,1.2348834201808743,1.4142135623730951,-1.4351860376186727,-0.6377481392176934,-0.8108381857904273
1.496979600090882,-0.06503730206861003,1.4024189716524733,1.4138362252865575,1.2347295590794314,1.283705906482174,1.4142135623730951,-1.3726170577666474,-2.3770612461750384,-0.8108381857904273
-0.7354889537612431,-0.994141617335703,-0.7779587827823367,-0.7711569108455367,-0.705324874627265,-0.7180160318711145,-0.7071067811865475,0.6416650129082031,0.23190841426097944,-0.8108381857904273
1.3131292485971775,-0.994141617335703,1.4024189716524733,1.4138362252865575,1.3826998124977388,1.4301733653860733,1.4142135623730951,-1.3671285507620836,0.6667366910003157,-0.8108381857904273
-0.7880176256165873,-0.994141617335703,-0.8651738929597241,-0.7711569108455367,-0.705324874627265,-0.6691935455698149,-0.7071067811865475,0.6328834017009013,1.101564967739652,-0.8108381857904273
1.3656579204525217,-0.06503730206861003,1.4896340818298732,1.4138362252865575,1.563552344453448,1.4301733653860733,1.4142135623730951,-1.45823776703784,0.23190841426097944,-0.8108381857904273
-0.4465812585568505,0.8640670131984169,-0.6907436726049369,-0.7711569108455367,-0.705324874627265,-0.6203710592685151,-0.7071067811865475,0.7679006740131666,0.23190841426097944,1.233291694353507
-0.7617532896889152,-0.994141617335703,-0.6907436726049369,-0.7711569108455367,-0.705324874627265,-0.8156610044737139,-0.7071067811865475,0.6669121451291958,1.101564967739652,-0.8108381857904273
-0.6829602819058991,-0.994141617335703,-0.7779587827823367,-0.7711569108455367,-0.705324874627265,-0.7180160318711145,-0.7071067811865475,0.6614236381246321,1.101564967739652,1.233291694353507
-0.6041672741228828,0.8640670131984169,-0.6907436726049369,-0.7711569108455367,-0.705324874627265,-0.7668385181724143,-0.7071067811865475,0.765705271211341,-0.6377481392176934,-0.8108381857904273
-0.7617532896889152,-0.994141617335703,-0.8651738929597241,-0.7711569108455367,-0.705324874627265,-0.6691935455698149,-0.7071067811865475,0.6515443255164177,0.6667366910003157,-0.8108381857904273
-0.7092246178335712,0.8640670131984169,-0.6907436726049369,-0.7711569108455367,-0.705324874627265,-0.7668385181724143,-0.7071067811865475,0.7689983754140792,-0.20291986247835705,1.233291694353507
-0.8405462974719314,-0.994141617335703,-0.7779587827823367,-0.5089577345096911,-0.705324874627265,-0.6691935455698149,-0.7071067811865475,0.6614236381246321,-0.20291986247835705,1.233291694353507
-0.7354889537612431,1.79317132846551,-0.6907436726049369,-0.7711569108455367,-0.705324874627265,-0.6691935455698149,-0.7071067811865475,0.765705271211341,1.5363932444789885,-0.8108381857904273
1.496979600090882,-0.06503730206861003,1.4024189716524733,1.4138362252865575,1.506008357012995,1.3813508790847733,1.4142135623730951,-1.5010481216734362,-1.9422329694357026,-0.8108381857904273
-0.8142819615442594,-0.994141617335703,-0.6907436726049369,-0.5089577345096911,-0.705324874627265,-0.7180160318711145,-0.7071067811865475,0.6361765059036395,1.101564967739652,-0.8108381857904273
-0.6829602819058991,-0.994141617335703,-0.6907436726049369,-0.7711569108455367,-0.705324874627265,-0.7180160318711145,-0.7071067811865475,0.6702052493319339,0.6667366910003157,1.233291694353507
1.47071526416321,-0.06503730206861003,1.4024189716524733,1.676035401622403,1.5388906355503966,1.4301733653860733,1.4142135623730951,-1.4450653502268873,1.101564967739652,-0.8108381857904273
-0.7880176256165873,-0.994141617335703,-0.7779587827823367,-0.7711569108455367,-0.705324874627265,-0.6203710592685151,-0.7071067811865475,0.6449581171109413,-1.0725764159570297,1.233291694353507
-0.656695945978227,-0.994141617335703,-0.7779587827823367,-0.7711569108455367,-0.705324874627265,-0.6203710592685151,-0.7071067811865475,0.6636190409264576,-0.20291986247835705,1.233291694353507
1.496979600090882,-0.06503730206861003,1.4024189716524733,1.676035401622403,1.325155825057286,1.4301733653860733,1.4142135623730951,-1.3330998073337892,0.23190841426097944,-0.8108381857904273
-0.7092246178335712,-0.994141617335703,-0.7779587827823367,-0.7711569108455367,-0.705324874627265,-0.6691935455698149,-0.7071067811865475,0.665814443728283,0.23190841426097944,1.233291694353507
-0.656695945978227,-0.06503730206861003,-0.6035285624275494,-0.7711569108455367,-0.705324874627265,-0.7180160318711145,-0.7071067811865475,0.7646075698104283,0.23190841426097944,1.233291694353507
-0.9193393052549476,-0.994141617335703,-0.7779587827823367,-0.5089577345096911,-0.705324874627265,-0.7180160318711145,-0.7071067811865475,0.6438604157100285,-0.20291986247835705,1.233291694353507
-0.6304316100505549,1.79317132846551,-0.6907436726049369,-0.7711569108455367,-0.705324874627265,-0.6691935455698149,-0.7071067811865475,0.7602167642067774,-0.20291986247835705,-0.8108381857904273
-0.8142819615442594,-0.994141617335703,-0.7779587827823367,-0.5089577345096911,-0.705324874627265,-0.7668385181724143,-0.7071067811865475,0.6350788045027267,1.5363932444789885,-0.8108381857904273
1.47071526416321,-0.06503730206861003,1.4896340818298732,1.4138362252865575,1.2182884198107304,1.527818337988673,1.4142135623730951,-1.3484676269465674,-1.9422329694357026,-0.8108381857904273
1.3656579204525217,-0.06503730206861003,1.4896340818298732,1.4138362252865575,1.3826998124977388,1.478995851687373,1.4142135623730951,-1.429697530614109,-2.811889522914375,-0.8108381857904273
-0.6829602819058991,1.79317132846551,-0.6907436726049369,-0.7711569108455367,-0.705324874627265,-0.6203710592685151,-0.7071067811865475,0.7668029726122536,0.6667366910003157,1.233291694353507
1.3131292485971775,-0.06503730206861003,1.4024189716524733,1.4138362252865575,1.4155820910351404,1.4301733653860733,1.4142135623730951,-1.4604331698396655,-1.5074046926963658,-0.8108381857904273
1.3131292485971775,-0.06503730206861003,1.4024189716524733,1.4138362252865575,1.1854061412733288,1.4301733653860733,1.4142135623730951,-1.3451745227438294,-1.5074046926963658,-0.8108381857904273
1.549508271946226,-0.06503730206861003,1.4024189716524733,1.4138362252865575,1.5882140533564992,1.283705906482174,1.4142135623730951,-1.5010481216734362,-1.0725764159570297,-0.8108381857904273
-0.6304316100505549,0.8640670131984169,-0.6907436726049369,-0.7711569108455367,-0.705324874627265,-0.7180160318711145,-0.7071067811865475,0.7689983754140792,-0.20291986247835705,1.233291694353507
-0.6041672741228828,0.8640670131984169,-0.6907436726049369,-0.7711569108455367,-0.705324874627265,-0.6691935455698149,-0.7071067811865475,0.7646075698104283,0.6667366910003157,1.233291694353507
1.496979600090882,-0.06503730206861003,1.4896340818298732,1.4138362252865575,1.2840529768855338,1.4301733653860733,1.4142135623730951,-1.318829689121924,-1.0725764159570297,-0.8108381857904273
1.3393935845248495,-0.06503730206861003,1.4024189716524733,1.676035401622403,1.4073615214007902,1.332528392783474,1.4142135623730951,-1.4593354684387525,-2.3770612461750384,-0.8108381857904273
1.47071526416321,-0.06503730206861003,1.4024189716524733,1.4138362252865575,1.2347295590794314,1.3813508790847733,1.4142135623730951,-1.3879848773794254,-2.811889522914375,-0.8108381857904273
-0.9456036411826196,-0.994141617335703,-0.7779587827823367,-0.5089577345096911,-0.705324874627265,-0.7668385181724143,-0.7071067811865475,0.6471535199127668,0.23190841426097944,1.233291694353507
-0.3677882507738343,0.8640670131984169,-0.6907436726049369,-0.7711569108455367,-0.705324874627265,-0.7668385181724143,-0.7071067811865475,0.7668029726122536,0.23190841426097944,1.233291694353507
-0.7092246178335712,-0.994141617335703,-0.7779587827823367,-0.7711569108455367,-0.705324874627265,-0.6691935455698149,-0.7071067811865475,0.6537397283182431,1.101564967739652,-0.8108381857904273
-0.7354889537612431,-0.994141617335703,-0.6907436726049369,-0.5089577345096911,-0.705324874627265,-0.7180160318711145,-0.7071067811865475,0.6230040890926868,-0.20291986247835705,1.233291694353507
-0.6041672741228828,1.79317132846551,-0.6907436726049369,-0.7711569108455367,-0.705324874627265,-0.6691935455698149,-0.7071067811865475,0.7668029726122536,0.23190841426097944,1.233291694353507
1.575772607873898,-0.06503730206861003,1.4024189716524733,1.4138362252865575,1.6210963318939005,1.3813508790847733,1.4142135623730951,-1.4911688090652218,-1.9422329694357026,-0.8108381857904273
-0.7354889537612431,0.8640670131984169,-0.6035285624275494,-0.7711569108455367,-0.705324874627265,-0.7180160318711145,-0.7071067811865475,0.7679006740131666,0.23190841426097944,1.233291694353507
-0.7617532896889152,-0.994141617335703,-0.6907436726049369,-0.5089577345096911,-0.705324874627265,-0.7668385181724143,-0.7071067811865475,0.638371908705465,-0.20291986247835705,-0.8108381857904273
-0.9456036411826196,-0.994141617335703,-0.6907436726049369,-0.5089577345096911,-0.705324874627265,-0.7180160318711145,-0.7071067811865475,0.638371908705465,-0.6377481392176934,1.233291694353507
-0.7880176256165873,-0.994141617335703,-0.7779587827823367,-0.7711569108455367,-0.705324874627265,-0.6691935455698149,-0.7071067811865475,0.6482512213136794,0.23190841426097944,-0.8108381857904273
1.47071526416321,-0.06503730206861003,1.4024189716524733,1.4138362252865575,1.4895672177442942,1.3813508790847733,1.4142135623730951,-1.43408833621776,1.101564967739652,-0.8108381857904273
-0.6829602819058991,-0.994141617335703,-0.7779587827823367,-0.7711569108455367,-0.705324874627265,-0.6203710592685151,-0.7071067811865475,0.6537397283182431,1.101564967739652,-0.8108381857904273
-0.5516386022675388,0.8640670131984169,-0.6907436726049369,-0.7711569108455367,-0.705324874627265,-0.8156610044737139,-0.7071067811865475,0.7689983754140792,0.6667366910003157,1.233291694353507
1.3656579204525217,-0.06503730206861003,1.4024189716524733,1.4138362252865575,1.2840529768855338,1.3813508790847733,1.4142135623730951,-1.3287090017301384,-0.20291986247835705,-0.8108381857904273
1.3131292485971775,-0.994141617335703,1.4024189716524733,1.1516370489507117,1.5882140533564992,1.4301733653860733,1.4142135623730951,-1.462628572641491,-1.0725764159570297,-0.8108381857904273
-0.7617532896889152,1.79317132846551,-0.6907436726049369,-0.5089577345096911,-0.705324874627265,-0.9133059770763136,-0.7071067811865475,0.7646075698104283,0.23190841426097944,1.233291694353507
-0.4465812585568505,0.8640670131984169,-0.6907436726049369,-0.5089577345096911,-0.705324874627265,-0.6691935455698149,-0.7071067811865475,0.7700960768149919,-0.20291986247835705,-0.8108381857904273
-1.103189656748652,0.8640670131984169,-0.6035285624275494,-0.5089577345096911,-0.705324874627265,-0.6691935455698149,-0.7071067811865475,0.7711937782159045,0.23190841426097944,1.233291694353507
-0.7354889537612431,0.8640670131984169,-0.6907436726049369,-0.5089577345096911,-0.705324874627265,-0.6691935455698149,-0.7071067811865475,0.7689983754140792,1.101564967739652,-0.8108381857904273
-0.8930749693272756,1.79317132846551,-0.6907436726049369,-0.7711569108455367,-0.705324874627265,-0.6203710592685151,-0.7071067811865475,0.7547282572022139,0.23190841426097944,1.233291694353507
1.3393935845248495,-0.06503730206861003,1.315203861475086,1.4138362252865575,1.5964346229908497,1.332528392783474,1.4142135623730951,-1.4768986908533561,-1.5074046926963658,-0.8108381857904273
-0.9193393052549476,-0.994141617335703,-0.7779587827823367,-0.7711569108455367,-0.705324874627265,-0.7180160318711145,-0.7071067811865475,0.6592282353228067,1.101564967739652,-0.8108381857904273
1.3919222563801936,-0.994141617335703,1.4024189716524733,1.1516370489507117,1.423802660669491,1.4301733653860733,1.4142135623730951,-1.3835940717757746,-0.20291986247835705,-0.8108381857904273
1.496979600090882,-0.06503730206861003,1.4024189716524733,1.4138362252865575,1.4731260784755933,1.478995851687373,1.4142135623730951,-1.40993890539768,-0.20291986247835705,-0.8108381857904273
1.3131292485971775,-0.06503730206861003,1.4896340818298732,1.4138362252865575,1.3087146857885852,1.4301733653860733,1.4142135623730951,-1.3298067031310512,-1.5074046926963658,-0.8108381857904273
1.549508271946226,-0.06503730206861003,1.4024189716524733,1.4138362252865575,1.5388906355503966,1.332528392783474,1.4142135623730951,-1.442869947425062,1.101564967739652,-0.8108381857904273
1.575772607873898,-0.06503730206861003,1.4896340818298732,1.4138362252865575,1.1936267109076792,1.4301733653860733,1.4142135623730951,-1.353956133951131,-1.0725764159570297,-0.8108381857904273
1.3656579204525217,-0.994141617335703,1.4024189716524733,1.1516370489507117,1.3991409517664397,1.3813508790847733,1.4142135623730951,-1.3693239535639092,-0.20291986247835705,-0.8108381857904273
-0.7354889537612431,-0.994141617335703,-0.7779587827823367,-0.5089577345096911,-0.705324874627265,-0.7668385181724143,-0.7071067811865475,0.6559351311200686,0.23190841426097944,-0.8108381857904273
-0.6041672741228828,0.8640670131984169,-0.6907436726049369,-0.7711569108455367,-0.705324874627265,-0.8156610044737139,-0.7071067811865475,0.7569236600040392,0.6667366910003157,1.233291694353507
-0.6304316100505549,-0.994141617335703,-0.7779587827823367,-0.7711569108455367,-0.705324874627265,-0.8156610044737139,-0.7071067811865475,0.658130533921894,-0.20291986247835705,-0.8108381857904273
1.4444509282355378,-0.994141617335703,1.4024189716524733,1.1516370489507117,1.4895672177442942,1.4301733653860733,1.4142135623730951,-1.417622815204069,-0.6377481392176934,-0.8108381857904273
-0.7617532896889152,-0.994141617335703,-0.7779587827823367,-0.5089577345096911,-0.705324874627265,-0.6691935455698149,-0.7071067811865475,0.6680098465301085,1.101564967739652,1.233291694353507
-0.8405462974719314,-0.994141617335703,-0.7779587827823367,-0.7711569108455367,-0.705324874627265,-0.7668385181724143,-0.7071067811865475,0.638371908705465,1.101564967739652,-0.8108381857904273
-0.47284559448452257,0.8640670131984169,-0.6035285624275494,-0.7711569108455367,-0.705324874627265,-0.6203710592685151,-0.7071067811865475,0.7646075698104283,-0.20291986247835705,1.233291694353507
-0.6041672741228828,0.8640670131984169,-0.6035285624275494,-0.5089577345096911,-0.705324874627265,-0.7180160318711145,-0.7071067811865475,0.765705271211341,0.23190841426097944,1.233291694353507
-0.3677882507738343,0.8640670131984169,-0.6907436726049369,-0.5089577345096911,-0.705324874627265,-0.7668385181724143,-0.7071067811865475,0.765705271211341,0.23190841426097944,1.233291694353507
-0.6041672741228828,0.8640670131984169,-0.6035285624275494,-0.7711569108455367,-0.705324874627265,-0.7180160318711145,-0.7071067811865475,0.7646075698104283,0.6667366910003157,1.233291694353507
-0.8405462974719314,-0.994141617335703,-0.6907436726049369,-0.5089577345096911,-0.705324874627265,-0.6691935455698149,-0.7071067811865475,0.6273948946963377,0.23190841426097944,1.233291694353507
-0.7354889537612431,1.79317132846551,-0.6907436726049369,-0.7711569108455367,-0.705324874627265,-0.7668385181724143,-0.7071067811865475,0.7646075698104283,0.23190841426097944,1.233291694353507
1.47071526416321,-0.06503730206861003,1.4024189716524733,1.4138362252865575,1.4895672177442942,1.4301733653860733,1.4142135623730951,-1.4264044264113709,-0.20291986247835705,-0.8108381857904273
-0.8405462974719314,-0.994141617335703,-0.7779587827823367,-0.7711569108455367,-0.705324874627265,-0.6691935455698149,-0.7071067811865475,0.6680098465301085,1.101564967739652,-0.8108381857904273
1.575772607873898,-0.06503730206861003,1.4024189716524733,1.4138362252865575,1.366258673229038,1.478995851687373,1.4142135623730951,-1.3605423423566074,0.6667366910003157,-0.8108381857904273
-0.7617532896889152,-0.994141617335703,-0.6907436726049369,-0.7711569108455367,-0.705324874627265,-0.7180160318711145,-0.7071067811865475,0.6713029507328467,1.101564967739652,-0.8108381857904273
-0.8668106333996035,-0.994141617335703,-0.6907436726049369,-0.7711569108455367,-0.705324874627265,-0.7668385181724143,-0.7071067811865475,0.6724006521337594,0.23190841426097944,1.233291694353507
-0.6304316100505549,1.79317132846551,-0.6907436726049369,-0.7711569108455367,-0.705324874627265,-0.7180160318711145,-0.7071067811865475,0.7679006740131666,0.23190841426097944,1.233291694353507
1.2343362408141614,-0.06503730206861003,1.4024189716524733,1.4138362252865575,1.522449496281696,1.283705906482174,1.4142135623730951,-1.5010481216734362,-1.5074046926963658,-0.8108381857904273
-0.3677882507738343,0.8640670131984169,-0.6907436726049369,-0.7711569108455367,-0.705324874627265,-0.7668385181724143,-0.7071067811865475,0.7679006740131666,1.971221521218325,-0.8108381857904273
1.3393935845248495,-0.06503730206861003,1.4024189716524733,1.4138362252865575,1.5882140533564992,1.478995851687373,1.4142135623730951,-1.5010481216734362,-1.5074046926963658,-0.8108381857904273
-0.7092246178335712,-0.994141617335703,-0.7779587827823367,-0.7711569108455367,-0.705324874627265,-0.5227260866659157,-0.7071067811865475,0.6482512213136794,0.6667366910003157,-0.8108381857904273
-0.7092246178335712,0.8640670131984169,-0.6907436726049369,-0.5089577345096911,-0.705324874627265,-0.5715485729672154,-0.7071067811865475,0.7679006740131666,1.101564967739652,-0.8108381857904273
-0.6304316100505549,-0.994141617335703,-0.7779587827823367,-0.7711569108455367,-0.705324874627265,-0.6203710592685151,-0.7071067811865475,0.6306879988990758,0.6667366910003157,-0.8108381857904273
1.3656579204525217,-0.06503730206861003,1.4024189716524733,1.4138362252865575,1.547111205184747,1.3813508790847733,1.4142135623730951,-1.4461630516278,-0.20291986247835705,-0.8108381857904273
-0.7880176256165873,-0.994141617335703,-0.6907436726049369,-0.5089577345096911,-0.705324874627265,-0.7180160318711145,-0.7071067811865475,0.6306879988990758,-0.20291986247835705,-0.8108381857904273
-0.6829602819058991,1.79317132846551,-0.6907436726049369,-0.5089577345096911,-0.705324874627265,-0.7668385181724143,-0.7071067811865475,0.7206995137739193,-0.20291986247835705,-0.8108381857904273
-0.7092246178335712,1.79317132846551,-0.6907436726049369,-0.5089577345096911,-0.705324874627265,-0.6691935455698149,-0.7071067811865475,0.7228949165757446,0.23190841426097944,1.233291694353507
-0.7092246178335712,-0.994141617335703,-0.7779587827823367,-0.5089577345096911,-0.705324874627265,-0.7668385181724143,-0.7071067811865475,0.6405673115072904,1.101564967739652,-0.8108381857904273
1.3393935845248495,-0.06503730206861003,1.315203861475086,1.4138362252865575,1.4813466481099438,1.1860609338795747,1.4142135623730951,-1.4889734062633964,-1.5074046926963658,-0.8108381857904273
-0.7617532896889152,-0.994141617335703,-0.7779587827823367,-0.7711569108455367,-0.705324874627265,-0.5227260866659157,-0.7071067811865475,0.665814443728283,0.6667366910003157,-0.8108381857904273
-0.7617532896889152,-0.994141617335703,-0.6907436726049369,-0.7711569108455367,-0.705324874627265,-0.7180160318711145,-0.7071067811865475,0.6251994918945123,0.23190841426097944,1.233291694353507
1.3131292485971775,-0.06503730206861003,1.4024189716524733,1.4138362252865575,1.4320232303038414,1.4301733653860733,1.4142135623730951,-1.4033526969922037,0.6667366910003157,-0.8108381857904273
-0.3677882507738343,1.79317132846551,-0.6907436726049369,-0.7711569108455367,-0.705324874627265,-0.8156610044737139,-0.7071067811865475,0.7679006740131666,1.101564967739652,-0.8108381857904273
-0.7880176256165873,-0.994141617335703,-0.7779587827823367,-0.7711569108455367,-0.705324874627265,-0.7668385181724143,-0.7071067811865475,0.6427627143091159,0.6667366910003157,-0.8108381857904273
-0.7092246178335712,-0.994141617335703,-0.7779587827823367,-0.5089577345096911,-0.705324874627265,-0.7668385181724143,-0.7071067811865475,0.646055818511854,-1.0725764159570297,1.233291694353507
-0.7354889537612431,-0.994141617335703,-0.7779587827823367,-0.7711569108455367,-0.705324874627265,-0.6203710592685151,-0.7071067811865475,0.6570328325209812,-0.6377481392176934,-0.8108381857904273
-0.6304316100505549,1.79317132846551,-0.6907436726049369,-0.7711569108455367,-0.705324874627265,-0.7668385181724143,-0.7071067811865475,0.7679006740131666,-0.20291986247835705,1.233291694353507
1.4444509282355378,-0.06503730206861003,1.4896340818298732,1.4138362252865575,1.4073615214007902,1.478995851687373,1.4142135623730951,-1.3792032661721236,0.6667366910003157,-0.8108381857904273
1.3131292485971775,-0.06503730206861003,1.4896340818298732,1.4138362252865575,1.3580381035946876,1.3813508790847733,1.4142135623730951,-1.3506630297483928,0.23190841426097944,-0.8108381857904273
1.3919222563801936,-0.06503730206861003,1.4896340818298732,1.4138362252865575,1.61287576225955,1.4301733653860733,1.4142135623730951,-1.5010481216734362,-1.0725764159570297,-0.8108381857904273
-0.8142819615442594,-0.994141617335703,-0.7779587827823367,-0.7711569108455367,-0.705324874627265,-0.6203710592685151,-0.7071067811865475,0.6614236381246321,0.23190841426097944,-0.8108381857904273
1.3131292485971775,-0.06503730206861003,1.4024189716524733,1.676035401622403,1.3004941161542347,1.478995851687373,1.4142135623730951,-1.3330998073337892,-0.6377481392176934,-0.8108381857904273
1.3656579204525217,-0.06503730206861003,1.4024189716524733,1.4138362252865575,1.5388906355503966,1.478995851687373,1.4142135623730951,-1.4516515586323637,-0.6377481392176934,-0.8108381857904273
-0.8668106333996035,-0.994141617335703,-0.7779587827823367,-0.7711569108455367,-0.705324874627265,-0.7668385181724143,-0.7071067811865475,0.6625213395255449,1.5363932444789885,-0.8108381857904273
-0.6041672741228828,0.8640670131984169,-0.6035285624275494,-0.7711569108455367,-0.705324874627265,-0.6691935455698149,-0.7071067811865475,0.7679006740131666,0.6667366910003157,1.233291694353507
-0.7354889537612431,0.8640670131984169,-0.6907436726049369,-0.7711569108455367,-0.705324874627265,-0.6203710592685151,-0.7071067811865475,0.7689983754140792,0.6667366910003157,1.233291694353507
-0.47284559448452257,0.8640670131984169,-0.6907436726049369,-0.5089577345096911,-0.705324874627265,-0.7180160318711145,-0.7071067811865475,0.7646075698104283,0.23190841426097944,1.233291694353507
-0.6041672741228828,-0.06503730206861003,-0.6035285624275494,-0.7711569108455367,-0.705324874627265,-0.7180160318711145,-0.7071067811865475,0.765705271211341,1.101564967739652,-0.8108381857904273
1.3131292485971775,-0.06503730206861003,1.4024189716524733,1.676035401622403,1.3909203821320892,1.478995851687373,1.4142135623730951,-1.3803009675730362,-0.20291986247835705,-0.8108381857904273
-0.6829602819058991,1.79317132846551,-0.6035285624275494,-0.7711569108455367,-0.705324874627265,-0.6203710592685151,-0.7071067811865475,0.7141133053684428,1.5363932444789885,-0.8108381857904273
-0.656695945978227,1.79317132846551,-0.6907436726049369,-0.7711569108455367,-0.705324874627265,-0.7668385181724143,-0.7071067811865475,0.7668029726122536,0.6667366910003157,1.233291694353507
1.3131292485971775,-0.06503730206861003,1.4024189716524733,1.4138362252865575,1.5306700659160464,1.332528392783474,1.4142135623730951,-1.5010481216734362,-1.5074046926963658,-0.8108381857904273
1.3919222563801936,-0.994141617335703,1.4024189716524733,1.4138362252865575,1.2100678501763802,1.674285796892572,1.4142135623730951,-1.3715193563657344,-1.9422329694357026,-0.8108381857904273
-0.6041672741228828,0.8640670131984169,-0.6035285624275494,-0.5089577345096911,-0.705324874627265,-0.6691935455698149,-0.7071067811865475,0.7646075698104283,0.23190841426097944,1.233291694353507
-0.7354889537612431,-0.994141617335703,-0.7779587827823367,-0.7711569108455367,-0.705324874627265,-0.7180160318711145,-0.7071067811865475,0.6647167423273704,1.101564967739652,-0.8108381857904273
-0.656695945978227,0.8640670131984169,-0.6035285624275494,-0.7711569108455367,-0.705324874627265,-0.7180160318711145,-0.7071067811865475,0.765705271211341,1.101564967739652,-0.8108381857904273
-0.7354889537612431,0.8640670131984169,-0.6035285624275494,-0.5089577345096911,-0.705324874627265,-0.7668385181724143,-0.7071067811865475,0.7689983754140792,0.6667366910003157,-0.8108381857904273
-0.47284559448452257,0.8640670131984169,-0.6907436726049369,-0.7711569108455367,-0.705324874627265,-0.6691935455698149,-0.7071067811865475,0.7635098684095157,1.101564967739652,-0.8108381857904273
1.47071526416321,-0.06503730206861003,1.4896340818298732,1.1516370489507117,1.5553317748190976,1.2348834201808743,1.4142135623730951,-1.457140065636927,0.23190841426097944,-0.8108381857904273
-0.8142819615442594,-0.994141617335703,-0.7779587827823367,-0.7711569108455367,-0.705324874627265,-0.7180160318711145,-0.7071067811865475,0.6405673115072904,0.23190841426097944,-0.8108381857904273
-0.6304316100505549,-0.994141617335703,-0.6907436726049369,-0.7711569108455367,-0.705324874627265,-0.7668385181724143,-0.7071067811865475,0.6702052493319339,0.6667366910003157,-0.8108381857904273
-0.7617532896889152,-0.994141617335703,-0.7779587827823367,-0.7711569108455367,-0.705324874627265,-0.7180160318711145,-0.7071067811865475,0.646055818511854,0.23190841426097944,1.233291694353507
1.47071526416321,-0.06503730206861003,1.4024189716524733,1.4138362252865575,1.3415969643259869,1.478995851687373,1.4142135623730951,-1.432990634816847,-1.9422329694357026,-0.8108381857904273
1.6283012797292422,-0.06503730206861003,1.4896340818298732,1.4138362252865575,1.2593912679824826,1.3813508790847733,1.4142135623730951,-1.3078526751127966,-1.5074046926963658,-0.8108381857904273
1.3131292485971775,-0.06503730206861003,1.4024189716524733,1.676035401622403,1.2840529768855338,1.3813508790847733,1.4142135623730951,-1.4022549955912909,-2.811889522914375,-0.8108381857904273
1.47071526416321,-0.994141617335703,1.4024189716524733,1.1516370489507117,1.4402437999381918,1.332528392783474,1.4142135623730951,-1.3945710857849019,-0.20291986247835705,-0.8108381857904273
1.3131292485971775,-0.994141617335703,1.4024189716524733,1.4138362252865575,1.3580381035946876,1.527818337988673,1.4142135623730951,-1.3506630297483928,-0.20291986247835705,-0.8108381857904273
-0.8142819615442594,-0.994141617335703,-0.7779587827823367,-0.7711569108455367,-0.705324874627265,-0.6691935455698149,-0.7071067811865475,0.6339811031018141,-1.0725764159570297,1.233291694353507
-0.8405462974719314,0.8640670131984169,-0.6035285624275494,-0.7711569108455367,-0.705324874627265,-0.7668385181724143,-0.7071067811865475,0.7679006740131666,0.6667366910003157,1.233291694353507
1.47071526416321,-0.06503730206861003,1.4024189716524733,1.4138362252865575,1.464905508841243,1.283705906482174,1.4142135623730951,-1.417622815204069,-0.20291986247835705,-0.8108381857904273
-0.7354889537612431,-0.994141617335703,-0.7779587827823367,-0.5089577345096911,-0.705324874627265,-0.5227260866659157,-0.7071067811865475,0.6438604157100285,0.23190841426097944,1.233291694353507
-0.7354889537612431,-0.994141617335703,-0.6907436726049369,-0.7711569108455367,-0.705324874627265,-0.7668385181724143,-0.7071067811865475,0.6295902974981632,-0.20291986247835705,1.233291694353507
1.3393935845248495,-0.994141617335703,1.4024189716524733,1.4138362252865575,1.3087146857885852,1.478995851687373,1.4142135623730951,-1.3309044045319638,-0.20291986247835705,-0.8108381857904273
-0.6041672741228828,-0.994141617335703,-0.7779587827823367,-0.7711569108455367,-0.705324874627265,-0.7668385181724143,-0.7071067811865475,0.6669121451291958,-0.20291986247835705,1.233291694353507
-0.6829602819058991,1.79317132846551,-0.6907436726049369,-0.7711569108455367,-0.705324874627265,-0.7180160318711145,-0.7071067811865475,0.7668029726122536,0.6667366910003157,1.233291694353507
-0.6041672741228828,0.8640670131984169,-0.6035285624275494,-0.7711569108455367,-0.705324874627265,-0.7180160318711145,-0.7071067811865475,0.7689983754140792,0.6667366910003157,1.233291694353507
-0.7354889537612431,1.79317132846551,-0.6907436726049369,-0.7711569108455367,-0.705324874627265,-0.7180160318711145,-0.7071067811865475,0.7679006740131666,-0.6377481392176934,1.233291694353507
-0.6304316100505549,1.79317132846551,-0.6907436726049369,-0.7711569108455367,-0.705324874627265,-0.7180160318711145,-0.7071067811865475,0.765705271211341,-0.20291986247835705,1.233291694353507
1.2868649126695055,-0.06503730206861003,1.4024189716524733,1.4138362252865575,1.3744792428633885,1.478995851687373,1.4142135623730951,-1.3704216549648218,0.23190841426097944,-0.8108381857904273
-0.49910993041219465,0.8640670131984169,-0.6907436726049369,-0.7711569108455367,-0.705324874627265,-0.7668385181724143,-0.7071067811865475,0.7679006740131666,-0.20291986247835705,1.233291694353507
-0.8142819615442594,-0.994141617335703,-0.7779587827823367,-0.7711569108455367,-0.705324874627265,-0.8156610044737139,-0.7071067811865475,0.6504466241155049,1.101564967739652,1.233291694353507
1.496979600090882,-0.06503730206861003,1.4024189716524733,1.4138362252865575,1.506008357012995,1.3813508790847733,1.4142135623730951,-1.4307952320150217,1.101564967739652,-0.8108381857904273
-0.7092246178335712,-0.994141617335703,-0.7779587827823367,-0.7711569108455367,-0.705324874627265,-0.7180160318711145,-0.7071067811865475,0.6570328325209812,0.23190841426097944,1.233291694353507
1.3656579204525217,-0.06503730206861003,1.4024189716524733,1.4138362252865575,1.5388906355503966,1.3813508790847733,1.4142135623730951,-1.4538469614341891,0.23190841426097944,-0.8108381857904273
-0.8405462974719314,-0.994141617335703,-0.6907436726049369,-0.5089577345096911,-0.705324874627265,-0.7668385181724143,-0.7071067811865475,0.6262971932954249,-0.20291986247835705,1.233291694353507
-0.656695945978227,-0.994141617335703,-0.7779587827823367,-0.5089577345096911,-0.705324874627265,-0.7180160318711145,-0.7071067811865475,0.6559351311200686,1.101564967739652,-0.8108381857904273
1.3131292485971775,-0.06503730206861003,1.4024189716524733,1.4138362252865575,1.267611837616833,1.478995851687373,1.4142135623730951,-1.3956687871858144,-1.0725764159570297,-0.8108381857904273
-0.7092246178335712,-0.994141617335703,-0.7779587827823367,-0.7711569108455367,-0.705324874627265,-0.8156610044737139,-0.7071067811865475,0.6537397283182431,-0.20291986247835705,1.233291694353507
-0.7617532896889152,-0.994141617335703,-0.6907436726049369,-0.7711569108455367,-0.705324874627265,-0.7180160318711145,-0.7071067811865475,0.6636190409264576,-0.20291986247835705,1.233291694353507
0.9979572174651128,-0.06503730206861003,1.4024189716524733,1.676035401622403,1.4320232303038414,1.527818337988673,1.4142135623730951,-1.4044503983931163,0.6667366910003157,-0.8108381857904273
-0.7092246178335712,0.8640670131984169,-0.6035285624275494,-0.7711569108455367,-0.705324874627265,-0.6691935455698149,-0.7071067811865475,0.7679006740131666,0.23190841426097944,1.233291694353507
-0.7092246178335712,1.79317132846551,-0.6907436726049369,-0.7711569108455367,-0.705324874627265,-0.7180160318711145,-0.7071067811865475,0.7679006740131666,1.101564967739652,-0.8108381857904273
1.496979600090882,-0.994141617335703,1.4024189716524733,1.1516370489507117,1.3580381035946876,1.478995851687373,1.4142135623730951,-1.4275021278122837,-2.811889522914375,-0.8108381857904273
1.4444509282355378,-0.994141617335703,1.4024189716524733,1.1516370489507117,1.448464369572542,1.3813508790847733,1.4142135623730951,-1.4121343081995055,0.23190841426097944,-0.8108381857904273
-0.7617532896889152,0.8640670131984169,-0.6907436726049369,-0.7711569108455367,-0.705324874627265,-0.6203710592685151,-0.7071067811865475,0.7679006740131666,1.101564967739652,1.233291694353507
1.3656579204525217,-0.06503730206861003,1.4024189716524733,1.4138362252865575,1.226508989445081,1.527818337988673,1.4142135623730951,-1.3111457793155348,-1.9422329694357026,-0.8108381857904273
-0.6041672741228828,0.8640670131984169,-0.6907436726049369,-0.7711569108455367,-0.705324874627265,-0.7180160318711145,-0.7071067811865475,0.7679006740131666,1.5363932444789885,1.233291694353507
-0.7354889537612431,-0.994141617335703,-0.7779587827823367,-0.7711569108455367,-0.705324874627265,-0.6691935455698149,-0.7071067811865475,0.6339811031018141,0.6667366910003157,-0.8108381857904273
-0.8142819615442594,-0.994141617335703,-0.7779587827823367,-0.7711569108455367,-0.705324874627265,-0.7180160318711145,-0.7071067811865475,0.6372742073045522,-0.20291986247835705,-0.8108381857904273
-0.656695945978227,1.79317132846551,-0.6907436726049369,-0.5089577345096911,-0.705324874627265,-0.7668385181724143,-0.7071067811865475,0.765705271211341,0.23190841426097944,1.233291694353507
-0.8668106333996035,1.79317132846551,-0.6907436726049369,-0.7711569108455367,-0.705324874627265,-0.6203710592685151,-0.7071067811865475,0.7679006740131666,1.101564967739652,-0.8108381857904273
-0.8142819615442594,-0.994141617335703,-0.6907436726049369,-0.7711569108455367,-0.705324874627265,-0.7180160318711145,-0.7071067811865475,0.6702052493319339,0.6667366910003157,-0.8108381857904273
-0.6304316100505549,1.79317132846551,-0.6035285624275494,-0.7711569108455367,-0.705324874627265,-0.6691935455698149,-0.7071067811865475,0.721797215174832,1.5363932444789885,-0.8108381857904273
-1.0243966489656358,0.8640670131984169,-0.6035285624275494,-0.5089577345096911,-0.705324874627265,-0.6203710592685151,-0.7071067811865475,0.7679006740131666,0.23190841426097944,1.233291694353507
1.3131292485971775,-0.06503730206861003,1.4024189716524733,1.4138362252865575,1.5306700659160464,1.478995851687373,1.4142135623730951,-1.5010481216734362,-1.5074046926963658,-0.8108381857904273
-0.656695945978227,0.8640670131984169,-0.6907436726049369,-0.5089577345096911,-0.705324874627265,-0.6691935455698149,-0.7071067811865475,0.7689983754140792,-0.20291986247835705,-0.8108381857904273
-0.6304316100505549,1.79317132846551,-0.6907436726049369,-0.7711569108455367,-0.705324874627265,-0.6691935455698149,-0.7071067811865475,0.7668029726122536,1.101564967739652,-0.8108381857904273
-0.7354889537612431,-0.994141617335703,-0.8651738929597241,-0.7711569108455367,-0.705324874627265,-0.6691935455698149,-0.7071067811865475,0.6493489227145922,-0.6377481392176934,1.233291694353507
-0.6304316100505549,-0.994141617335703,-0.7779587827823367,-0.7711569108455367,-0.705324874627265,-0.7180160318711145,-0.7071067811865475,0.6416650129082031,-0.20291986247835705,1.233291694353507
1.3131292485971775,-0.06503730206861003,1.4024189716524733,1.676035401622403,1.5142289266473454,1.3813508790847733,1.4142135623730951,-1.4362837390195855,0.6667366910003157,-0.8108381857904273
-0.6304316100505549,1.79317132846551,-0.6907436726049369,-0.7711569108455367,-0.705324874627265,-0.6691935455698149,-0.7071067811865475,0.7228949165757446,1.101564967739652,-0.8108381857904273
1.523243936018554,-0.06503730206861003,1.4024189716524733,1.4138362252865575,1.2922735465198842,1.4301733653860733,1.4142135623730951,-1.318829689121924,-0.6377481392176934,-0.8108381857904273
-0.6304316100505549,1.79317132846551,-0.6907436726049369,-0.7711569108455367,-0.705324874627265,-0.6203710592685151,-0.7071067811865475,0.7668029726122536,0.6667366910003157,1.233291694353507
-0.6041672741228828,1.79317132846551,-0.6907436726049369,-0.7711569108455367,-0.705324874627265,-0.7668385181724143,-0.7071067811865475,0.7679006740131666,0.23190841426097944,1.233291694353507
-0.8142819615442594,-0.994141617335703,-0.7779587827823367,-0.5089577345096911,-0.705324874627265,-0.6203710592685151,-0.7071067811865475,0.6515443255164177,0.6667366910003157,1.233291694353507
-0.5779029381952108,0.8640670131984169,-0.6035285624275494,-0.7711569108455367,-0.705324874627265,-0.7668385181724143,-0.7071067811865475,0.7689983754140792,1.101564967739652,-0.8108381857904273
-0.6041672741228828,1.79317132846551,-0.6907436726049369,-0.7711569108455367,-0.705324874627265,-0.7180160318711145,-0.7071067811865475,0.765705271211341,-0.6377481392176934,1.233291694353507
-0.7354889537612431,-0.994141617335703,-0.7779587827823367,-0.7711569108455367,-0.705324874627265,-0.7668385181724143,-0.7071067811865475,0.6515443255164177,-0.20291986247835705,1.233291694353507
-0.5253742663398667,0.8640670131984169,-0.6907436726049369,-0.7711569108455367,-0.705324874627265,-0.7668385181724143,-0.7071067811865475,0.7679006740131666,-0.20291986247835705,1.233291694353507
1.575772607873898,-0.06503730206861003,1.315203861475086,1.4138362252865575,1.5799934837221488,1.332528392783474,1.4142135623730951,-1.5010481216734362,-1.0725764159570297,-0.8108381857904273
-0.7880176256165873,-0.994141617335703,-0.7779587827823367,-0.7711569108455367,-0.705324874627265,-0.7180160318711145,-0.7071067811865475,0.658130533921894,-1.0725764159570297,1.233291694353507
-0.7354889537612431,1.79317132846551,-0.6907436726049369,-0.5089577345096911,-0.705324874627265,-0.5715485729672154,-0.7071067811865475,0.7679006740131666,1.101564967739652,1.233291694353507
1.3131292485971775,-0.06503730206861003,1.315203861475086,1.4138362252865575,1.5388906355503966,1.283705906482174,1.4142135623730951,-1.5010481216734362,-1.5074046926963658,-0.8108381857904273
-0.6304316100505549,1.79317132846551,-0.6035285624275494,-0.7711569108455367,-0.705324874627265,-0.6691935455698149,-0.7071067811865475,0.7580213614049518,0.6667366910003157,1.233291694353507
1.3131292485971775,-0.06503730206861003,1.4024189716524733,1.4138362252865575,1.267611837616833,1.332528392783474,1.4142135623730951,-1.393473384383989,-2.3770612461750384,-0.8108381857904273
-0.7092246178335712,-0.994141617335703,-0.6907436726049369,-0.7711569108455367,-0.705324874627265,-0.7180160318711145,-0.7071067811865475,0.6361765059036395,0.6667366910003157,-0.8108381857904273
1.3131292485971775,-0.06503730206861003,1.4024189716524733,1.4138362252865575,1.2922735465198842,1.478995851687373,1.4142135623730951,-1.3978641899876398,-1.9422329694357026,-0.8108381857904273
-0.7354889537612431,-0.994141617335703,-0.6907436726049369,-0.5089577345096911,-0.705324874627265,-0.7668385181724143,-0.7071067811865475,0.6251994918945123,0.23190841426097944,-0.8108381857904273
-0.7880176256165873,-0.994141617335703,-0.6907436726049369,-0.7711569108455367,-0.705324874627265,-0.6691935455698149,-0.7071067811865475,0.6295902974981632,1.5363932444789885,1.233291694353507
