Actual,Predicted,Correct
Healthy,Healthy,True
Critical,Critical,True
Critical,Critical,True
Critical,Critical,True
Critical,Critical,True
Critical,Critical,True
Warning,Warning,True
Critical,Critical,True
Warning,Warning,True
Critical,Critical,True
Warning,Warning,True
Healthy,Healthy,True
Healthy,Healthy,True
Warning,Warning,True
Warning,Warning,True
Warning,Warning,True
Warning,Healthy,False
Warning,Warning,True
Healthy,Healthy,True
Warning,Warning,True
Healthy,Healthy,True
Critical,Critical,True
Healthy,Healthy,True
Healthy,Healthy,True
Critical,Critical,True
Critical,Critical,True
Healthy,Healthy,True
Critical,Critical,True
Warning,Warning,True
Critical,Critical,True
Warning,Healthy,False
Warning,Warning,True
Critical,Critical,True
Critical,Critical,True
Healthy,Healthy,True
Healthy,Healthy,True
Warning,Warning,True
Healthy,Healthy,True
Healthy,Healthy,True
Critical,Critical,True
Warning,Warning,True
Warning,Warning,True
Healthy,Healthy,True
Healthy,Healthy,True
Critical,Critical,True
Healthy,Healthy,True
Critical,Critical,True
Warning,Warning,True
Healthy,Healthy,True
Healthy,Healthy,True
Healthy,Healthy,True
Healthy,Healthy,True
Critical,Critical,True
Warning,Warning,True
Warning,Critical,False
Warning,Warning,True
Critical,Critical,True
Critical,Critical,True
Warning,Warning,True
