Timestamp,LDR,DHT22_Temperature,DHT22_Humidity,DS18B20_Temperature,Solar_Voltage,Solar_Current,Solar_Power,Battery_Voltage,Battery_Current,Battery_Power,System_Health
2026-09-23T15:32:45+05:30,747.0,32.3,62.2,NaN,0.0,-0.2,0.0,7.64,-0.3,0.0,Critical
2026-09-23T15:32:49+05:30,756.0,32.4,62.1,NaN,0.0,0.1,0.0,7.772,-0.5,4.0,Critical
2026-09-23T15:32:51+05:30,757.0,32.4,62.0,NaN,0.0,-0.1,0.0,7.608,-0.3,4.0,Critical
2026-09-23T15:32:53+05:30,758.0,32.4,61.9,NaN,0.0,-0.2,0.0,7.584,-0.2,4.0,Critical
2026-09-23T15:32:55+05:30,755.0,32.4,61.9,NaN,0.0,-0.3,0.0,7.576,-0.2,0.0,Critical
2026-09-23T15:32:57+05:30,752.0,32.4,61.8,NaN,0.0,-0.4,0.0,7.624,-0.1,0.0,Critical
2026-09-23T15:32:59+05:30,755.0,32.4,61.8,NaN,0.0,0.0,0.0,7.624,-0.4,0.0,Critical
2026-09-23T15:33:01+05:30,754.0,32.4,61.7,NaN,0.0,-0.4,0.0,7.616,-0.3,4.0,Critical
2026-09-23T15:33:03+05:30,758.0,32.4,61.7,NaN,0.0,-0.1,0.0,7.592,-0.2,0.0,Critical
2026-09-23T15:33:05+05:30,752.0,32.4,61.7,NaN,0.0,-0.2,0.0,7.44,-0.5,4.0,Critical
2026-09-23T15:33:07+05:30,759.0,32.5,62.0,NaN,0.0,-0.5,0.0,7.46,-0.3,4.0,Critical
2026-09-23T15:33:09+05:30,754.0,32.4,62.2,NaN,0.0,-0.3,0.0,7.492,-0.4,4.0,Critical
2026-09-23T15:33:11+05:30,753.0,32.4,62.6,NaN,0.0,-0.1,0.0,7.488,-0.4,4.0,Critical
2026-09-23T15:33:13+05:30,756.0,32.5,62.7,NaN,0.0,0.0,0.0,7.524,-0.1,0.0,Critical
2026-09-23T15:33:16+05:30,752.0,32.5,62.8,NaN,0.0,-0.3,0.0,7.536,-0.1,0.0,Critical
2026-09-23T15:33:18+05:30,762.0,32.5,62.8,NaN,0.0,-0.4,0.0,7.552,-0.3,4.0,Critical
2026-09-23T15:33:20+05:30,753.0,32.5,62.7,NaN,0.0,-0.3,0.0,7.56,-0.3,0.0,Critical
2026-09-23T15:33:22+05:30,752.0,32.5,62.6,NaN,0.0,-0.1,0.0,7.556,-0.2,4.0,Critical
2026-09-23T15:33:24+05:30,753.0,32.5,62.5,NaN,0.0,-0.1,0.0,7.552,-0.3,4.0,Critical
2026-09-23T15:33:26+05:30,753.0,32.5,62.5,NaN,0.0,-0.2,0.0,7.54,-0.4,4.0,Critical
2026-09-23T15:33:28+05:30,757.0,32.5,62.4,NaN,0.0,-0.2,0.0,7.56,-0.1,4.0,Critical
2026-09-23T15:33:30+05:30,752.0,32.5,62.3,NaN,0.0,-0.2,0.0,7.524,-0.2,0.0,Critical
2026-09-23T15:33:32+05:30,753.0,32.4,62.3,NaN,0.0,-0.2,0.0,7.512,-0.1,0.0,Critical
2026-09-23T15:33:34+05:30,753.0,32.5,62.2,NaN,0.0,-0.1,0.0,7.52,0.0,4.0,Critical
2026-09-23T15:33:38+05:30,752.0,32.5,62.1,NaN,0.0,0.0,0.0,7.488,-0.3,4.0,Critical
2026-09-23T15:33:42+05:30,752.0,32.5,62.0,NaN,0.0,-0.3,0.0,7.476,-0.2,0.0,Critical
2026-09-23T15:33:44+05:30,753.0,32.5,62.0,NaN,0.0,-0.2,0.0,7.456,-0.2,0.0,Critical
2026-09-23T15:33:47+05:30,757.0,32.5,62.4,NaN,0.0,-0.1,0.0,7.428,-0.3,4.0,Critical
2026-09-23T15:33:49+05:30,753.0,32.5,62.8,NaN,0.0,0.0,0.0,7.472,-0.4,4.0,Critical
2026-09-23T15:33:51+05:30,753.0,32.5,62.8,NaN,0.0,-0.1,0.0,7.464,-0.2,0.0,Critical
2026-09-23T15:33:53+05:30,756.0,32.5,62.7,NaN,0.0,-0.2,0.0,7.42,-0.5,4.0,Critical
2026-09-23T15:33:55+05:30,752.0,32.5,62.7,NaN,0.0,-0.2,0.0,7.388,-0.3,4.0,Critical
2026-09-23T15:33:57+05:30,753.0,32.5,62.9,NaN,0.0,-0.2,0.0,7.432,-0.2,0.0,Critical
2026-09-23T15:33:59+05:30,754.0,32.6,63.2,NaN,0.0,0.0,0.0,7.44,-0.4,4.0,Critical
2026-09-23T15:34:01+05:30,755.0,32.6,63.3,NaN,0.0,-0.1,0.0,7.436,-0.1,0.0,Critical
2026-09-23T15:34:03+05:30,754.0,32.6,63.2,NaN,0.0,-0.2,0.0,7.424,-0.4,4.0,Critical
2026-09-23T15:34:05+05:30,752.0,32.6,63.2,NaN,0.0,-0.2,0.0,7.448,-0.1,0.0,Critical
2026-09-23T15:34:07+05:30,751.0,32.6,63.3,NaN,0.0,0.0,0.0,7.44,-0.3,4.0,Critical
2026-09-23T15:34:09+05:30,752.0,32.6,63.5,NaN,0.0,-0.2,0.0,7.448,-0.4,0.0,Critical
2026-09-23T15:34:11+05:30,754.0,32.6,63.7,NaN,0.0,-0.1,0.0,7.44,-0.2,0.0,Critical
2026-09-23T15:34:13+05:30,754.0,32.6,63.8,NaN,0.0,-0.3,0.0,7.424,-0.1,0.0,Critical
2026-09-23T15:34:15+05:30,754.0,32.6,63.5,NaN,0.0,-0.2,0.0,7.444,-0.5,4.0,Critical
2026-09-23T15:34:18+05:30,752.0,32.6,63.3,NaN,0.0,0.0,0.0,7.468,-0.2,0.0,Critical
2026-09-23T15:34:20+05:30,758.0,32.6,63.3,NaN,0.0,-0.1,0.0,7.428,-0.3,4.0,Critical
2026-09-23T15:34:22+05:30,750.0,32.6,63.4,NaN,0.0,-0.3,0.0,7.436,-0.3,0.0,Critical
2026-09-23T15:34:24+05:30,757.0,32.6,63.4,NaN,0.0,-0.2,0.0,7.46,-0.4,4.0,Critical
2026-09-23T15:34:26+05:30,752.0,32.6,63.1,NaN,0.0,-0.2,0.0,7.448,-0.2,0.0,Critical
2026-09-23T15:34:28+05:30,753.0,32.6,62.9,NaN,0.0,-0.2,0.0,7.432,-0.4,4.0,Critical
2026-09-23T15:34:30+05:30,755.0,32.6,62.7,NaN,0.0,-0.1,0.0,7.408,-0.3,4.0,Critical
2026-09-23T15:34:32+05:30,754.0,32.6,62.5,NaN,0.0,-0.3,0.0,7.44,-0.3,4.0,Critical
2026-09-23T15:34:34+05:30,755.0,32.6,62.3,NaN,0.0,-0.1,0.0,7.404,-0.4,0.0,Critical
2026-09-23T15:34:36+05:30,757.0,32.6,62.3,NaN,0.0,0.1,0.0,7.404,-0.3,4.0,Critical
2026-09-23T15:34:38+05:30,761.0,32.6,62.3,NaN,0.0,-0.1,0.0,7.4,-0.5,0.0,Critical
2026-09-23T15:34:40+05:30,753.0,32.6,62.1,NaN,0.0,-0.1,0.0,7.388,-0.7,6.0,Critical
2026-09-23T15:34:42+05:30,768.0,32.6,62.1,NaN,0.0,-0.1,0.0,7.38,-0.3,4.0,Critical
2026-09-23T15:34:44+05:30,752.0,32.6,62.2,NaN,0.0,0.0,0.0,7.38,-0.1,0.0,Critical
2026-09-23T15:34:46+05:30,752.0,32.6,62.3,NaN,0.0,-0.1,0.0,7.368,0.1,0.0,Critical
2026-09-23T15:34:49+05:30,752.0,32.6,62.2,NaN,0.0,-0.1,0.0,7.36,-0.4,4.0,Critical
2026-09-23T15:34:51+05:30,750.0,32.6,62.7,NaN,0.0,-0.5,0.0,7.364,-0.2,4.0,Critical
2026-09-23T15:34:53+05:30,755.0,32.6,63.1,NaN,0.0,-0.3,0.0,7.372,-0.2,0.0,Critical
2026-09-23T15:34:55+05:30,753.0,32.6,63.1,NaN,0.0,-0.3,0.0,7.364,-0.1,0.0,Critical
2026-09-23T15:34:57+05:30,757.0,32.6,63.1,NaN,0.0,-0.2,0.0,7.38,-0.4,4.0,Critical
2026-09-23T15:34:59+05:30,754.0,32.6,62.9,NaN,0.0,0.0,0.0,7.436,-0.2,4.0,Critical
2026-09-23T15:35:01+05:30,758.0,32.6,62.9,NaN,0.0,-0.1,0.0,7.38,0.0,0.0,Critical
2026-09-23T15:35:05+05:30,752.0,32.6,63.2,NaN,0.0,0.1,0.0,7.424,-0.3,4.0,Critical
2026-09-23T15:35:07+05:30,752.0,32.6,63.4,NaN,0.0,-0.2,0.0,7.408,0.1,0.0,Critical
2026-09-23T15:35:09+05:30,749.0,32.6,63.3,NaN,0.0,0.0,0.0,7.412,-0.1,0.0,Critical
2026-09-23T15:35:11+05:30,755.0,32.6,63.1,NaN,0.0,-0.2,0.0,7.396,-0.6,4.0,Critical
2026-09-23T15:35:13+05:30,752.0,32.7,62.9,NaN,0.0,0.1,0.0,7.412,-0.2,0.0,Critical
2026-09-23T15:35:15+05:30,753.0,32.7,62.8,NaN,0.0,0.0,0.0,7.472,-0.1,0.0,Critical
2026-09-23T15:35:17+05:30,752.0,32.6,62.9,NaN,0.0,0.1,0.0,7.436,-0.3,4.0,Critical
2026-09-23T15:35:20+05:30,755.0,32.6,62.8,NaN,0.0,-0.3,0.0,7.448,-0.3,4.0,Critical
2026-09-23T15:35:22+05:30,752.0,32.6,62.7,NaN,0.0,-0.3,0.0,7.428,-0.1,4.0,Critical
2026-09-23T15:35:24+05:30,752.0,32.6,62.7,NaN,0.0,-0.1,0.0,7.44,-0.2,4.0,Critical
2026-09-23T15:35:26+05:30,752.0,32.6,62.6,NaN,0.0,-0.3,0.0,7.496,-0.3,4.0,Critical
2026-09-23T15:35:28+05:30,751.0,32.6,62.5,NaN,0.0,-0.2,0.0,7.476,-0.3,0.0,Critical
2026-09-23T15:35:30+05:30,757.0,32.6,62.5,NaN,0.0,-0.2,0.0,7.456,-0.3,4.0,Critical
2026-09-23T15:35:32+05:30,753.0,32.6,62.4,NaN,0.0,-0.3,0.0,7.46,-0.3,4.0,Critical
2026-09-23T15:35:34+05:30,753.0,32.6,62.3,NaN,0.0,-0.3,0.0,7.46,-0.4,4.0,Critical
2026-09-23T15:35:36+05:30,751.0,32.6,62.3,NaN,0.0,-0.2,0.0,7.488,-0.2,0.0,Critical
2026-09-23T15:35:38+05:30,753.0,32.6,62.2,NaN,0.0,-0.3,0.0,7.468,-0.4,4.0,Critical
2026-09-23T15:35:40+05:30,752.0,32.6,62.3,NaN,0.0,-0.3,0.0,7.488,-0.2,4.0,Critical
2026-09-23T15:35:42+05:30,752.0,32.6,62.4,NaN,0.0,-0.4,0.0,7.46,-0.4,4.0,Critical
2026-09-23T15:35:44+05:30,754.0,32.6,62.8,NaN,0.0,-0.2,0.0,7.484,-0.3,4.0,Critical
2026-09-23T15:35:46+05:30,753.0,32.6,63.0,NaN,0.0,-0.2,0.0,7.46,-0.2,0.0,Critical
2026-09-23T15:35:48+05:30,753.0,32.6,63.0,NaN,0.0,0.0,0.0,7.472,0.0,0.0,Critical
2026-09-23T15:35:51+05:30,736.0,32.6,63.0,NaN,0.0,-0.3,0.0,7.464,-0.4,0.0,Critical
2026-09-23T15:35:53+05:30,750.0,32.6,63.4,NaN,0.0,-0.4,0.0,7.464,-0.1,0.0,Critical
2026-09-23T15:35:55+05:30,754.0,32.6,63.6,NaN,0.0,0.0,0.0,7.468,-0.3,4.0,Critical
2026-09-23T15:35:57+05:30,751.0,32.6,63.6,NaN,0.0,-0.3,0.0,7.488,-0.3,0.0,Critical
2026-09-23T15:35:59+05:30,752.0,32.6,63.5,NaN,0.0,0.2,0.0,7.464,-0.3,4.0,Critical
2026-09-23T15:36:01+05:30,749.0,32.6,63.3,NaN,0.0,-0.3,0.0,7.456,-0.3,4.0,Critical
2026-09-23T15:36:03+05:30,752.0,32.6,63.2,NaN,0.0,-0.1,0.0,7.46,-0.2,0.0,Critical
2026-09-23T15:36:05+05:30,752.0,32.6,63.0,NaN,0.0,0.0,0.0,7.492,-0.4,0.0,Critical
2026-09-23T15:36:07+05:30,752.0,32.6,63.1,NaN,0.0,-0.1,0.0,7.464,-0.4,4.0,Critical
2026-09-23T15:36:09+05:30,758.0,32.6,63.2,NaN,0.0,-0.1,0.0,7.46,-0.4,4.0,Critical
2026-09-23T15:36:11+05:30,754.0,32.6,63.3,NaN,0.0,-0.2,0.0,7.452,-0.4,4.0,Critical
2026-09-23T15:36:13+05:30,763.0,32.6,63.5,NaN,0.0,-0.3,0.0,7.456,-0.2,4.0,Critical
2026-09-23T15:36:15+05:30,751.0,32.6,63.5,NaN,0.0,-0.2,0.0,7.472,-0.3,4.0,Critical
2026-09-23T15:36:17+05:30,750.0,32.6,63.6,NaN,0.0,0.1,0.0,7.456,-0.1,4.0,Critical
