LDR,DHT22_Temperature,DHT22_Humidity,DS18B20_Temperature,Solar_Voltage,Solar_Current,Solar_Power,Battery_Voltage,Battery_Current,Battery_Power,System_Health
743.0,32.3,64.5,31.06,0.0,-0.2,0.0,8.26,-0.3,4.0,Critical
739.0,32.4,64.4,31.0,0.0,-0.2,0.0,8.268,-0.1,0.0,Critical
737.0,32.1,64.3,31.0,0.0,-0.3,0.0,7.848,-0.2,4.0,Warning
947.0,32.1,66.8,28.15,1.068,4.2,4.0,0.304,-0.5,0.0,Healthy
743.0,32.3,64.4,31.06,0.0,-0.3,0.0,8.268,-0.3,4.0,Critical
738.0,32.3,64.4,31.06,0.0,-0.1,0.0,8.272,-0.1,0.0,Critical
738.0,32.1,64.4,31.0,0.0,0.1,0.0,7.912,-0.3,0.0,Warning
734.0,32.1,64.4,31.06,0.0,-0.1,0.0,7.756,-0.3,4.0,Warning
942.0,32.1,66.8,29.63,1.016,4.2,4.0,0.488,-0.2,0.0,Healthy
737.0,32.1,64.3,31.06,0.0,-0.1,0.0,7.884,-0.2,0.0,Warning
746.0,32.3,64.4,31.0,0.0,-0.2,0.0,8.272,-0.1,4.0,Critical
919.0,32.2,66.8,28.85,0.972,4.3,4.0,0.376,-0.8,0.0,Healthy
745.0,32.3,64.5,31.06,0.0,-0.2,0.0,8.264,-0.1,0.0,Critical
932.0,32.2,66.8,29.62,1.04,4.2,4.0,0.356,-0.2,0.0,Healthy
743.0,32.1,64.3,31.0,0.0,-0.3,0.0,7.9,-0.4,4.0,Warning
739.0,32.3,64.5,31.0,0.0,-0.2,0.0,8.272,-0.4,4.0,Critical
740.0,32.4,64.5,31.0,0.0,0.0,0.0,8.072,0.0,0.0,Critical
741.0,32.3,64.5,31.0,0.0,-0.2,0.0,8.232,-0.1,4.0,Critical
735.0,32.1,64.3,31.0,0.0,-0.4,0.0,7.84,-0.1,4.0,Warning
731.0,32.1,64.3,31.0,0.0,-0.2,0.0,7.872,-0.1,0.0,Warning
933.0,32.2,66.8,29.22,0.964,4.3,4.0,0.36,-0.9,0.0,Healthy
742.0,32.1,64.3,31.0,0.0,0.0,0.0,7.768,-0.2,0.0,Warning
742.0,32.3,64.5,31.0,0.0,-0.2,0.0,8.272,-0.2,4.0,Critical
743.0,32.3,64.5,31.0,0.0,-0.1,0.0,8.268,-0.2,4.0,Critical
738.0,32.1,64.4,31.06,0.0,-0.2,0.0,7.752,-0.3,4.0,Warning
910.0,32.2,66.9,28.58,0.98,4.2,4.0,0.624,-0.7,0.0,Healthy
738.0,32.4,64.4,31.0,0.0,-0.3,0.0,8.256,-0.3,4.0,Critical
741.0,32.4,64.4,31.0,0.0,-0.2,0.0,8.1,-0.3,4.0,Critical
739.0,32.1,64.3,31.0,0.0,-0.1,0.0,7.852,-0.1,0.0,Warning
743.0,32.3,64.5,31.0,0.0,-0.2,0.0,8.272,-0.2,4.0,Critical
897.0,32.1,66.8,28.65,1.036,4.2,4.0,0.428,-0.4,0.0,Healthy
743.0,32.1,64.3,31.06,0.0,0.0,0.0,7.872,-0.1,0.0,Warning
874.0,32.2,66.9,29.27,0.92,4.5,4.0,0.516,-0.9,0.0,Healthy
917.0,32.2,66.8,29.52,1.06,4.3,4.0,0.332,-0.4,0.0,Healthy
741.0,32.3,64.5,31.0,0.0,-0.2,0.0,8.26,-0.1,0.0,Critical
738.0,32.1,64.3,31.0,0.0,-0.1,0.0,7.78,-0.2,0.0,Warning
934.0,32.1,66.8,29.46,0.98,4.2,4.0,0.368,-0.8,0.0,Healthy
941.0,32.2,66.8,28.48,1.092,4.1,4.0,0.172,-0.3,0.0,Healthy
898.0,32.2,66.9,29.27,0.968,4.2,4.0,0.664,-0.6,0.0,Healthy
922.0,32.2,66.8,28.5,1.008,4.3,4.0,0.512,-0.2,0.0,Healthy
885.0,32.2,66.9,29.26,1.004,4.1,4.0,0.548,-0.3,0.0,Healthy
903.0,32.2,66.8,28.57,1.056,3.9,4.0,0.304,-0.4,0.0,Healthy
737.0,32.4,64.5,31.0,0.0,-0.2,0.0,8.24,-0.4,4.0,Critical
867.0,32.2,66.8,28.01,1.096,4.1,4.0,0.2,-0.4,0.0,Healthy
893.0,32.2,66.7,28.07,1.092,3.9,4.0,0.0,-0.7,0.0,Healthy
937.0,32.2,66.8,28.44,0.96,4.0,4.0,0.392,-0.9,0.0,Healthy
742.0,32.3,64.4,31.0,0.0,-0.3,0.0,8.276,-0.1,0.0,Critical
743.0,32.3,64.4,31.0,0.0,-0.2,0.0,8.272,-0.2,4.0,Critical
736.0,32.1,64.4,31.0,0.0,-0.1,0.0,7.764,0.0,4.0,Warning
738.0,32.3,64.4,31.0,0.0,0.0,0.0,8.272,-0.2,4.0,Critical
746.0,32.1,64.3,31.0,0.0,-0.3,0.0,7.892,-0.1,0.0,Warning
739.0,32.1,64.3,31.0,0.0,0.2,0.0,7.832,-0.2,0.0,Warning
737.0,32.3,64.4,31.0,0.0,0.0,0.0,8.268,-0.1,4.0,Critical
949.0,32.2,66.8,28.6,0.94,4.4,4.0,0.692,-0.8,0.0,Healthy
739.0,32.4,64.4,31.06,0.0,-0.1,0.0,8.104,-0.3,4.0,Critical
738.0,32.4,64.4,31.0,0.0,-0.1,0.0,8.26,0.0,0.0,Critical
888.0,32.2,66.9,29.67,1.032,4.0,4.0,0.416,-0.3,0.0,Healthy
883.0,32.2,66.8,28.74,1.04,4.2,4.0,0.364,-0.3,0.0,Healthy
740.0,32.1,64.4,31.0,0.0,-0.2,0.0,7.912,-0.2,4.0,Warning
881.0,32.1,66.8,29.12,1.084,4.1,4.0,0.0,-0.7,0.0,Healthy
742.0,32.3,64.4,31.0,0.0,-0.2,0.0,8.272,-0.4,4.0,Critical
903.0,32.2,66.8,29.72,0.944,4.1,4.0,0.412,-1.0,0.0,Healthy
946.0,32.2,66.7,29.41,0.96,4.4,4.0,0.7,-0.2,0.0,Healthy
737.0,32.1,64.4,31.0,0.0,-0.4,0.0,7.9,-0.1,0.0,Warning
733.0,32.1,64.3,31.0,0.0,-0.3,0.0,7.884,0.0,0.0,Warning
901.0,32.2,66.9,28.05,1.028,4.3,4.0,0.444,-0.2,0.0,Healthy
892.0,32.1,66.8,28.24,0.992,4.2,4.0,0.336,-0.7,0.0,Healthy
742.0,32.4,64.4,31.0,0.0,-0.1,0.0,8.264,-0.1,0.0,Critical
943.0,32.2,66.8,28.46,1.068,4.1,4.0,0.244,-0.1,0.0,Healthy
743.0,32.1,64.3,31.0,0.0,-0.1,0.0,7.904,-0.3,0.0,Warning
734.0,32.1,64.4,31.06,0.0,-0.2,0.0,7.756,-0.3,0.0,Warning
735.0,32.1,64.3,31.0,0.0,-0.2,0.0,7.792,-0.4,0.0,Warning
749.0,32.3,64.4,31.06,0.0,-0.1,0.0,8.276,-0.4,0.0,Critical
737.0,32.1,64.4,31.06,0.0,-0.1,0.0,7.912,-0.2,0.0,Warning
739.0,32.1,64.3,31.06,0.0,-0.3,0.0,7.804,-0.1,0.0,Warning
726.0,32.4,64.4,31.0,0.0,-0.2,0.0,8.252,-0.2,4.0,Critical
874.0,32.2,66.8,29.82,1.116,4.3,4.0,0.0,-0.7,0.0,Healthy
937.0,32.2,66.8,28.29,1.028,4.0,4.0,0.152,-0.9,0.0,Healthy
909.0,32.2,66.8,29.89,1.068,4.2,4.0,0.272,-0.4,0.0,Healthy
742.0,32.4,64.5,31.0,0.0,-0.1,0.0,8.232,-0.2,4.0,Critical
742.0,32.1,64.3,31.0,0.0,-0.4,0.0,7.868,-0.4,0.0,Warning
740.0,32.1,64.3,31.0,0.0,-0.3,0.0,7.852,-0.3,4.0,Warning
923.0,32.1,66.8,29.28,1.004,4.3,4.0,0.268,-1.0,0.0,Healthy
735.0,32.1,64.4,31.06,0.0,-0.2,0.0,7.788,-0.1,0.0,Warning
921.0,32.2,66.8,29.01,0.968,4.1,4.0,0.66,-0.5,0.0,Healthy
738.0,32.1,64.4,31.06,0.0,0.0,0.0,7.768,-0.3,4.0,Warning
734.0,32.1,64.3,31.06,0.0,-0.4,0.0,7.776,-0.2,4.0,Warning
913.0,32.2,66.8,29.92,0.996,4.4,4.0,0.316,-0.6,0.0,Healthy
947.0,32.1,66.8,28.13,0.976,4.2,4.0,0.628,-0.5,0.0,Healthy
883.0,32.2,66.8,28.72,0.92,4.2,4.0,0.568,-0.7,0.0,Healthy
742.0,32.1,64.4,31.0,0.0,-0.3,0.0,7.912,-0.2,0.0,Warning
734.0,32.1,64.4,31.06,0.0,-0.2,0.0,7.744,-0.5,4.0,Warning
861.0,32.2,66.8,29.04,1.02,4.3,4.0,0.44,-0.4,0.0,Healthy
746.0,32.3,64.4,31.0,0.0,-0.3,0.0,8.268,-0.4,4.0,Critical
921.0,32.2,66.9,28.5,1.016,4.3,4.0,0.26,-1.0,0.0,Healthy
889.0,32.1,66.8,28.62,1.048,4.1,4.0,0.324,-0.3,0.0,Healthy
738.0,32.1,64.3,31.0,0.0,-0.2,0.0,7.892,-0.1,0.0,Warning
738.0,32.1,64.2,31.0,0.0,-0.1,0.0,7.836,-0.5,4.0,Warning
745.0,32.4,64.5,31.0,0.0,0.1,0.0,8.264,-0.1,0.0,Critical
863.0,32.2,66.8,28.65,0.996,4.3,4.0,0.248,-0.8,0.0,Healthy
745.0,32.3,64.4,31.0,0.0,-0.4,0.0,8.272,-0.2,4.0,Critical
865.0,32.2,66.8,29.41,1.076,4.1,4.0,0.0,-0.8,0.0,Healthy
919.0,32.2,66.9,28.22,1.1,3.8,4.0,0.16,-0.3,0.0,Healthy
737.0,32.1,64.3,31.0,0.0,0.2,0.0,7.896,-0.2,0.0,Warning
738.0,32.4,64.4,31.06,0.0,0.1,0.0,8.268,-0.1,4.0,Critical
741.0,32.3,64.4,31.06,0.0,-0.1,0.0,8.272,-0.4,0.0,Critical
739.0,32.1,64.3,31.06,0.0,-0.3,0.0,7.824,-0.6,4.0,Warning
861.0,32.1,66.8,29.46,1.116,4.2,4.0,0.14,-0.6,0.0,Healthy
739.0,32.1,64.3,31.0,0.0,-0.1,0.0,7.896,-0.3,4.0,Warning
900.0,32.2,66.9,28.18,1.116,3.9,4.0,0.0,-0.6,0.0,Healthy
738.0,32.1,64.3,31.0,0.0,-0.2,0.0,7.808,-0.3,0.0,Warning
733.0,32.4,64.4,31.0,0.0,0.0,0.0,8.268,-0.1,0.0,Critical
921.0,32.2,66.8,29.97,0.988,4.2,4.0,0.612,-0.3,0.0,Healthy
745.0,32.3,64.5,31.0,0.0,-0.3,0.0,8.268,-0.1,0.0,Critical
727.0,32.3,64.5,31.06,0.0,0.0,0.0,8.268,-0.3,4.0,Critical
737.0,32.1,64.4,31.0,0.0,-0.2,0.0,7.772,-0.4,4.0,Warning
734.0,32.1,64.3,31.0,0.0,-0.1,0.0,7.836,-0.2,4.0,Warning
742.0,32.4,64.5,31.0,0.0,-0.3,0.0,8.076,-0.6,4.0,Critical
735.0,32.1,64.4,31.0,0.0,-0.2,0.0,7.912,-0.2,0.0,Warning
743.0,32.2,64.5,31.0,0.0,-0.2,0.0,8.26,-0.1,0.0,Critical
861.0,32.2,66.8,28.22,0.96,4.3,4.0,0.384,-0.6,0.0,Healthy
735.0,32.1,64.3,31.0,0.0,0.0,0.0,7.88,-0.3,0.0,Warning
737.0,32.1,64.3,31.0,0.0,-0.3,0.0,7.9,-0.6,0.0,Warning
742.0,32.1,64.3,31.0,0.0,-0.2,0.0,7.872,-0.1,0.0,Warning
720.0,32.1,64.3,31.0,0.0,-0.2,0.0,7.816,-0.2,4.0,Warning
749.0,32.3,64.4,31.0,0.0,0.0,0.0,8.268,-0.3,4.0,Critical
910.0,32.2,66.8,28.82,1.092,4.3,4.0,0.18,-0.5,0.0,Healthy
730.0,32.1,64.4,31.06,0.0,-0.2,0.0,7.796,-0.5,4.0,Warning
739.0,32.1,64.4,31.06,0.0,0.0,0.0,7.912,-0.4,0.0,Warning
737.0,32.4,64.4,31.06,0.0,-0.6,0.0,8.256,-0.3,4.0,Critical
735.0,32.1,64.3,31.0,0.0,-0.2,0.0,7.82,-0.2,0.0,Warning
738.0,32.1,64.4,31.0,0.0,-0.3,0.0,7.764,-0.4,4.0,Warning
738.0,32.1,64.3,31.0,0.0,-0.1,0.0,7.876,-0.3,4.0,Warning
736.0,32.1,64.2,31.0,0.0,-0.1,0.0,7.776,-0.1,0.0,Warning
742.0,32.4,64.4,31.0,0.0,-0.2,0.0,8.26,-0.4,4.0,Critical
735.0,32.4,64.4,31.0,0.0,-0.3,0.0,8.264,-0.1,0.0,Critical
739.0,32.1,64.3,31.0,0.0,-0.1,0.0,7.852,-0.3,0.0,Warning
738.0,32.1,64.4,31.0,0.0,-0.3,0.0,7.888,-0.2,4.0,Warning
737.0,32.1,64.4,31.0,0.0,-0.2,0.0,7.888,-0.4,4.0,Warning
931.0,32.2,66.8,29.54,0.944,3.9,4.0,0.468,-0.9,0.0,Healthy
736.0,32.1,64.4,31.06,0.0,-0.2,0.0,7.768,-0.4,0.0,Warning
749.0,32.1,64.3,31.0,0.0,-0.1,0.0,7.832,-0.2,0.0,Warning
741.0,32.1,64.3,31.0,0.0,0.0,0.0,7.888,-0.4,4.0,Warning
735.0,32.1,64.3,31.0,0.0,-0.1,0.0,7.78,-0.6,4.0,Warning
724.0,32.3,64.5,31.06,0.0,-0.1,0.0,8.28,-0.3,4.0,Critical
739.0,32.4,64.4,31.0,0.0,-0.5,0.0,8.26,-0.2,4.0,Critical
737.0,32.1,64.4,31.06,0.0,-0.3,0.0,7.796,-0.4,0.0,Warning
877.0,32.2,66.7,28.99,1.112,4.0,4.0,0.0,-0.6,0.0,Healthy
918.0,32.2,66.9,28.86,0.936,4.4,4.0,0.556,-0.8,0.0,Healthy
931.0,32.2,66.8,28.48,1.084,3.9,4.0,0.0,-0.7,0.0,Healthy
738.0,32.4,64.4,31.0,0.0,-0.2,0.0,8.268,-0.5,4.0,Critical
734.0,32.1,64.4,31.06,0.0,-0.3,0.0,7.752,-0.4,4.0,Warning
742.0,32.3,64.4,31.06,0.0,-0.2,0.0,8.272,-0.5,4.0,Critical
741.0,32.1,64.3,31.0,0.0,-0.3,0.0,7.856,-0.2,0.0,Warning
743.0,32.4,64.4,31.0,0.0,-0.2,0.0,8.26,-0.5,4.0,Critical
747.0,32.3,64.4,31.0,0.0,-0.3,0.0,8.268,-0.4,4.0,Critical
739.0,32.3,64.4,31.06,0.0,-0.1,0.0,8.268,0.0,0.0,Critical
895.0,32.2,66.8,28.68,0.96,4.3,4.0,0.392,-0.7,0.0,Healthy
737.0,32.1,64.4,31.0,0.0,-0.2,0.0,7.916,-0.1,0.0,Warning
946.0,32.2,66.8,28.98,0.968,4.1,4.0,0.36,-1.0,0.0,Healthy
743.0,32.3,64.5,31.06,0.0,-0.1,0.0,8.256,-0.3,4.0,Critical
741.0,32.1,64.3,31.06,0.0,-0.2,0.0,7.86,-0.1,0.0,Warning
881.0,32.1,66.8,29.73,0.932,4.1,4.0,0.74,-0.7,0.0,Healthy
921.0,32.2,66.9,29.02,1.104,4.2,4.0,0.156,-0.3,0.0,Healthy
950.0,32.1,66.8,29.05,1.104,3.8,4.0,0.0,-0.8,0.0,Healthy
730.0,32.1,64.3,31.06,0.0,-0.3,0.0,7.828,-0.3,4.0,Warning
738.0,32.4,64.4,31.06,0.0,0.0,0.0,8.244,-0.2,4.0,Critical
752.0,32.4,64.4,31.0,0.0,-0.4,0.0,8.268,-0.1,0.0,Critical
740.0,32.1,64.3,31.0,0.0,-0.2,0.0,7.88,-0.1,4.0,Warning
873.0,32.2,66.8,29.08,1.088,4.3,4.0,0.0,-0.7,0.0,Healthy
919.0,32.2,66.8,29.07,1.016,4.1,4.0,0.24,-0.7,0.0,Healthy
743.0,32.3,64.5,31.0,0.0,-0.2,0.0,8.256,-0.2,4.0,Critical
734.0,32.3,64.5,31.0,0.0,-0.3,0.0,8.268,-0.2,4.0,Critical
862.0,32.2,66.8,28.15,1.092,4.0,4.0,0.212,-0.1,0.0,Healthy
939.0,32.2,66.8,29.52,1.132,4.1,4.0,0.036,-0.8,0.0,Healthy
752.0,32.3,64.4,31.0,0.0,-0.3,0.0,8.268,0.1,0.0,Critical
738.0,32.1,64.3,31.06,0.0,0.2,0.0,7.816,-0.3,4.0,Warning
948.0,32.1,66.8,29.54,0.932,4.7,4.0,0.472,-0.8,0.0,Healthy
742.0,32.4,64.5,31.0,0.0,-0.1,0.0,8.1,0.0,0.0,Critical
737.0,32.1,64.3,31.0,0.0,-0.2,0.0,7.824,-0.3,4.0,Warning
741.0,32.2,64.5,31.0,0.0,-0.2,0.0,8.256,-0.3,4.0,Critical
911.0,32.2,66.8,28.15,1.004,4.3,4.0,0.532,-0.4,0.0,Healthy
742.0,32.4,64.4,31.0,0.0,-0.2,0.0,8.268,-0.3,4.0,Critical
742.0,32.4,64.4,31.0,0.0,0.0,0.0,8.264,-0.2,4.0,Critical
738.0,32.1,64.4,31.0,0.0,-0.2,0.0,7.764,-0.3,4.0,Warning
738.0,32.4,64.4,31.0,0.0,0.0,0.0,8.264,0.1,0.0,Critical
743.0,32.4,64.4,31.0,0.0,-0.3,0.0,8.268,-0.3,4.0,Critical
734.0,32.1,64.3,31.06,0.0,-0.1,0.0,7.88,-0.4,4.0,Warning
874.0,32.2,66.9,28.64,0.924,4.2,4.0,0.536,-0.6,0.0,Healthy
906.0,32.2,66.9,29.82,0.996,4.3,4.0,0.544,-0.2,0.0,Healthy
906.0,32.2,66.8,29.02,0.94,4.2,4.0,0.468,-0.9,0.0,Healthy
738.0,32.1,64.3,31.0,0.0,-0.3,0.0,7.844,-0.4,4.0,Warning
741.0,32.3,64.4,31.0,0.0,0.0,0.0,8.272,-0.3,4.0,Critical
747.0,32.3,64.5,31.06,0.0,-0.4,0.0,8.256,-0.2,4.0,Critical
739.0,32.3,64.5,31.0,0.0,-0.1,0.0,8.268,-0.3,4.0,Critical
862.0,32.1,66.8,28.23,1.12,3.9,4.0,0.08,-0.9,0.0,Healthy
742.0,32.4,64.4,31.0,0.0,-0.1,0.0,8.104,-0.1,0.0,Critical
742.0,32.4,64.4,31.0,0.0,-0.3,0.0,8.268,-0.4,4.0,Critical
908.0,32.2,66.8,28.99,1.02,4.3,4.0,0.448,-0.5,0.0,Healthy
743.0,32.3,64.4,31.0,0.0,-0.2,0.0,8.268,0.0,4.0,Critical
880.0,32.2,66.7,28.01,1.12,4.1,4.0,0.124,-0.4,0.0,Healthy
739.0,32.1,64.4,31.0,0.0,-0.2,0.0,7.788,-0.2,0.0,Warning
939.0,32.2,66.9,28.06,1.0,4.2,4.0,0.532,-0.4,0.0,Healthy
748.0,32.3,64.5,31.0,0.0,0.0,0.0,8.256,-0.4,4.0,Critical
739.0,32.1,64.3,31.0,0.0,-0.2,0.0,7.864,-0.3,4.0,Warning
743.0,32.3,64.4,31.0,0.0,-0.1,0.0,8.256,-0.2,4.0,Critical
742.0,32.4,64.4,31.0,0.0,-0.1,0.0,8.24,-0.4,0.0,Critical
736.0,32.1,64.3,31.0,0.0,0.0,0.0,7.82,-0.6,4.0,Warning
894.0,32.2,66.8,28.83,1.08,4.1,4.0,0.224,-0.4,0.0,Healthy
736.0,32.1,64.3,31.0,0.0,-0.3,0.0,7.812,-0.2,0.0,Warning
734.0,32.1,64.3,31.0,0.0,-0.3,0.0,7.796,-0.1,0.0,Warning
740.0,32.4,64.4,31.06,0.0,-0.3,0.0,8.096,-0.4,0.0,Critical
934.0,32.2,66.8,29.54,1.088,4.0,4.0,0.0,-0.7,0.0,Healthy
913.0,32.2,66.8,28.73,0.976,4.3,4.0,0.612,-0.5,0.0,Healthy
740.0,32.4,64.4,31.0,0.0,-0.2,0.0,8.264,-0.2,4.0,Critical
940.0,32.2,66.8,28.24,1.076,4.1,4.0,0.256,-0.1,0.0,Healthy
880.0,32.2,66.9,29.86,1.128,4.2,4.0,0.0,-0.6,0.0,Healthy
739.0,32.4,64.4,31.0,0.0,-0.1,0.0,8.26,-0.1,4.0,Critical
740.0,32.1,64.3,31.0,0.0,0.0,0.0,7.852,-0.1,0.0,Warning
923.0,32.2,66.8,28.46,1.04,4.4,4.0,0.1,-0.7,0.0,Healthy
738.0,32.1,64.4,31.0,0.0,-0.4,0.0,7.788,-0.2,4.0,Warning
740.0,32.4,64.4,31.0,0.0,0.0,0.0,8.264,-0.2,4.0,Critical
752.0,32.3,64.4,31.06,0.0,-0.3,0.0,8.26,-0.3,4.0,Critical
739.0,32.1,64.3,31.0,0.0,-0.4,0.0,7.852,-0.4,4.0,Warning
935.0,32.1,66.8,29.43,0.98,4.3,4.0,0.62,-0.4,0.0,Healthy
743.0,32.4,64.4,31.0,0.0,-0.1,0.0,8.264,-0.3,4.0,Critical
737.0,32.1,64.4,31.0,0.0,-0.4,0.0,7.76,-0.3,4.0,Warning
907.0,32.2,66.8,28.56,1.092,4.2,4.0,0.204,-0.1,0.0,Healthy
748.0,32.3,64.4,31.0,0.0,-0.1,0.0,8.252,-0.1,0.0,Critical
743.0,32.3,64.4,31.0,0.0,-0.4,0.0,8.228,-0.2,4.0,Critical
914.0,32.2,66.8,29.51,0.972,4.2,4.0,0.664,-0.5,0.0,Healthy
744.0,32.3,64.5,31.0,0.0,-0.3,0.0,8.272,-0.1,0.0,Critical
743.0,32.4,64.4,31.0,0.0,-0.3,0.0,8.076,-0.4,0.0,Critical
743.0,32.3,64.4,31.0,0.0,-0.3,0.0,8.26,-0.5,0.0,Critical
733.0,32.1,64.4,31.0,0.0,-0.3,0.0,7.92,-0.3,4.0,Warning
861.0,32.1,66.8,28.66,1.044,4.0,4.0,0.388,-0.4,0.0,Healthy
877.0,32.2,66.8,29.74,0.972,4.1,4.0,0.316,-0.8,0.0,Healthy
948.0,32.2,66.9,29.27,0.956,4.1,4.0,0.704,-0.7,0.0,Healthy
739.0,32.4,64.4,31.0,0.0,0.0,0.0,8.264,-0.2,4.0,Critical
739.0,32.3,64.4,31.0,0.0,-0.3,0.0,8.272,-0.4,4.0,Critical
741.0,32.4,64.4,31.0,0.0,-0.3,0.0,8.264,-0.2,4.0,Critical
742.0,32.2,64.5,31.0,0.0,0.0,0.0,8.256,-0.2,4.0,Critical
738.0,32.1,64.3,31.0,0.0,0.0,0.0,7.864,-0.5,0.0,Warning
866.0,32.2,66.8,28.32,0.98,4.2,4.0,0.356,-0.8,0.0,Healthy
739.0,32.3,64.4,31.06,0.0,0.1,0.0,8.268,-0.1,0.0,Critical
736.0,32.1,64.3,31.0,0.0,-0.1,0.0,7.832,-0.3,0.0,Warning
736.0,32.1,64.4,31.0,0.0,-0.2,0.0,7.908,-0.4,4.0,Warning
743.0,32.3,64.5,31.0,0.0,0.1,0.0,8.272,-0.4,4.0,Critical
755.0,32.3,64.5,31.0,0.0,0.1,0.0,8.264,-0.2,4.0,Critical
920.0,32.2,66.7,28.4,1.064,3.7,4.0,0.044,-0.7,0.0,Healthy
737.0,32.1,64.4,31.0,0.0,-0.2,0.0,7.748,-0.3,4.0,Warning
949.0,32.2,66.8,29.79,1.032,4.2,4.0,0.148,-0.7,0.0,Healthy
742.0,32.1,64.3,31.0,0.0,-0.2,0.0,7.808,-0.4,4.0,Warning
874.0,32.1,66.8,29.97,0.96,4.4,4.0,0.7,-0.7,0.0,Healthy
736.0,32.1,64.4,31.0,0.0,0.0,0.0,7.804,-0.4,4.0,Warning
738.0,32.1,64.4,31.06,0.0,-0.3,0.0,7.748,-0.3,0.0,Warning
948.0,32.2,66.8,28.37,1.084,4.1,4.0,0.196,-0.2,0.0,Healthy
873.0,32.2,66.8,28.1,1.032,4.1,4.0,0.408,-0.3,0.0,Healthy
748.0,32.3,64.4,31.06,0.0,-0.2,0.0,8.256,-0.3,4.0,Critical
921.0,32.2,66.9,28.63,1.06,4.2,4.0,0.036,-0.8,0.0,Healthy
912.0,32.2,66.8,29.46,1.076,3.8,4.0,0.24,-0.5,0.0,Healthy
868.0,32.2,66.8,29.61,1.012,4.3,4.0,0.476,-0.3,0.0,Healthy
739.0,32.3,64.4,31.0,0.0,-0.2,0.0,8.272,-0.3,4.0,Critical
912.0,32.1,66.8,29.25,1.024,4.1,4.0,0.48,-0.4,0.0,Healthy
944.0,32.2,66.7,29.34,1.12,4.0,4.0,0.088,-0.7,0.0,Healthy
736.0,32.1,64.3,31.0,0.0,-0.2,0.0,7.868,-0.6,4.0,Warning
739.0,32.4,64.4,31.0,0.0,-0.2,0.0,8.096,-0.1,0.0,Critical
731.0,32.1,64.3,31.06,0.0,-0.2,0.0,7.816,-0.4,4.0,Warning
740.0,32.4,64.5,31.06,0.0,-0.2,0.0,8.24,-0.2,4.0,Critical
738.0,32.3,64.5,31.0,0.0,-0.2,0.0,8.268,-0.3,4.0,Critical
912.0,32.2,66.8,28.64,1.052,4.0,4.0,0.312,-0.2,0.0,Healthy
919.0,32.2,66.8,29.79,0.968,4.1,4.0,0.628,-0.4,0.0,Healthy
739.0,32.1,64.3,31.0,0.0,-0.1,0.0,7.884,-0.4,4.0,Warning
741.0,32.1,64.3,31.0,0.0,-0.3,0.0,7.904,-0.1,0.0,Warning
732.0,32.4,64.4,31.0,0.0,0.0,0.0,8.204,-0.3,4.0,Critical
737.0,32.1,64.3,31.06,0.0,-0.1,0.0,7.904,-0.1,4.0,Warning
736.0,32.1,64.3,31.0,0.0,0.0,0.0,7.876,-0.2,4.0,Warning
930.0,32.2,66.8,29.64,1.08,4.1,4.0,0.236,-0.2,0.0,Healthy
863.0,32.2,66.8,29.61,1.076,3.9,4.0,0.0,-0.7,0.0,Healthy
738.0,32.3,64.5,31.06,0.0,-0.3,0.0,8.272,-0.2,0.0,Critical
739.0,32.3,64.4,31.06,0.0,-0.3,0.0,8.268,-0.4,0.0,Critical
880.0,32.1,66.8,28.94,1.132,4.1,4.0,0.012,-0.7,0.0,Healthy
738.0,32.1,64.3,31.06,0.0,-0.3,0.0,7.86,-0.3,0.0,Warning
741.0,32.4,64.4,31.06,0.0,-0.3,0.0,8.26,-0.3,4.0,Critical
736.0,32.1,64.4,31.0,0.0,-0.3,0.0,7.908,-0.4,4.0,Warning
752.0,32.3,64.4,31.0,0.0,-0.3,0.0,8.264,-0.3,4.0,Critical
737.0,32.1,64.2,31.0,0.0,-0.1,0.0,7.844,-0.2,0.0,Warning
735.0,32.1,64.3,31.0,0.0,-0.2,0.0,7.804,-0.3,0.0,Warning
735.0,32.1,64.3,31.06,0.0,0.0,0.0,7.844,-0.2,4.0,Warning
904.0,32.2,66.8,28.37,1.116,3.9,4.0,0.0,-0.6,0.0,Healthy
899.0,32.2,66.8,28.48,1.04,4.4,4.0,0.352,-0.2,0.0,Healthy
743.0,32.3,64.5,31.0,0.0,-0.1,0.0,8.26,-0.4,4.0,Critical
735.0,32.1,64.3,31.06,0.0,-0.3,0.0,7.784,0.0,0.0,Warning
795.0,31.2,73.9,29.75,0.0,-0.4,0.0,7.996,-0.3,0.0,Critical
919.0,32.1,66.8,29.77,1.004,4.4,4.0,0.548,-0.4,0.0,Healthy
734.0,32.1,64.3,31.0,0.0,-0.1,0.0,7.904,-0.1,0.0,Warning
863.0,32.2,66.8,29.94,1.112,4.1,4.0,0.108,-0.4,0.0,Healthy
739.0,32.1,64.4,31.06,0.0,-0.1,0.0,7.752,0.0,0.0,Warning
741.0,32.4,64.4,31.0,0.0,-0.2,0.0,8.264,-0.4,4.0,Critical
738.0,32.1,64.4,31.06,0.0,-0.2,0.0,7.74,-0.4,4.0,Warning
